Job Title,Company Name,Location,Job Link
Supply Chain Analyst,Eaton,"Mascot, New South Wales, Australia",https://au.linkedin.com/jobs/view/supply-chain-analyst-at-eaton-4288556033?position=1&pageNum=0&refId=mqgLuRpiOJNNAcxUcnKo8w%3D%3D&trackingId=NCUGlLtyKXOniGx5yfjZOA%3D%3D
Equity Research Analyst - Small Caps,Morgan Stanley,"Sydney, New South Wales, Australia",https://au.linkedin.com/jobs/view/equity-research-analyst-small-caps-at-morgan-stanley-4296894645?position=2&pageNum=0&refId=mqgLuRpiOJNNAcxUcnKo8w%3D%3D&trackingId=VjVK%2BXnzKGoqNiYY56rptg%3D%3D
Data Analyst,Talentpath Recruitment,"Brisbane, Queensland, Australia",https://au.linkedin.com/jobs/view/data-analyst-at-talentpath-recruitment-4308405060?position=3&pageNum=0&refId=mqgLuRpiOJNNAcxUcnKo8w%3D%3D&trackingId=0rqaxYzfrGtJMI8uMAIZsQ%3D%3D
Junior FP&A Analyst,Lyka,"Melbourne, Victoria, Australia",https://au.linkedin.com/jobs/view/junior-fp-a-analyst-at-lyka-4294308964?position=4&pageNum=0&refId=mqgLuRpiOJNNAcxUcnKo8w%3D%3D&trackingId=EU5zV47ssy7%2BjrvAplGigQ%3D%3D
Commercial Analyst,Australian Vintage,"Balmain, New South Wales, Australia",https://au.linkedin.com/jobs/view/commercial-analyst-at-australian-vintage-4304845115?position=5&pageNum=0&refId=mqgLuRpiOJNNAcxUcnKo8w%3D%3D&trackingId=ZfEkNNkTKxHqo3RJw7w3DQ%3D%3D
Business Intelligence Analyst,Finsure,"Sydney, New South Wales, Australia",https://au.linkedin.com/jobs/view/business-intelligence-analyst-at-finsure-4300432052?position=6&pageNum=0&refId=mqgLuRpiOJNNAcxUcnKo8w%3D%3D&trackingId=hLyiAOPjjav5KIOAPAI7aQ%3D%3D
Supply Chain Analyst,MYER,"Cairnlea, Victoria, Australia",https://au.linkedin.com/jobs/view/supply-chain-analyst-at-myer-4304841136?position=7&pageNum=0&refId=mqgLuRpiOJNNAcxUcnKo8w%3D%3D&trackingId=LVyWQAAInqusOAe0KIJd8w%3D%3D
Investment Analyst,Waterhouse VC,"Sydney, New South Wales, Australia",https://au.linkedin.com/jobs/view/investment-analyst-at-waterhouse-vc-4301603878?position=8&pageNum=0&refId=mqgLuRpiOJNNAcxUcnKo8w%3D%3D&trackingId=VgnBLjytQnSDKOq9JUV5Ug%3D%3D
Business Analyst,dnata,"Mascot, New South Wales, Australia",https://au.linkedin.com/jobs/view/business-analyst-at-dnata-4265937330?position=9&pageNum=0&refId=mqgLuRpiOJNNAcxUcnKo8w%3D%3D&trackingId=CU2Z%2FWWJyoxUbiL9KItMbA%3D%3D
Junior Business Analyst,Hays,"Perth, Western Australia, Australia",https://au.linkedin.com/jobs/view/junior-business-analyst-at-hays-4305554196?position=10&pageNum=0&refId=mqgLuRpiOJNNAcxUcnKo8w%3D%3D&trackingId=sAqDLt1jZA10nj%2BjvO2IrQ%3D%3D
Capital Raising Analyst,180 Markets,"Melbourne, Victoria, Australia",https://au.linkedin.com/jobs/view/capital-raising-analyst-at-180-markets-4299301261?position=11&pageNum=0&refId=mqgLuRpiOJNNAcxUcnKo8w%3D%3D&trackingId=T2tyepFfG0%2BEypyM2MWVVQ%3D%3D
Junior Analyst (x2),Sunshine Coast Council,"Maroochydore, Queensland, Australia",https://au.linkedin.com/jobs/view/junior-analyst-x2-at-sunshine-coast-council-4309354637?position=12&pageNum=0&refId=mqgLuRpiOJNNAcxUcnKo8w%3D%3D&trackingId=insnihRxx%2BFmZQif5MthWg%3D%3D
Media Search Analysts in Australia | Remote,Illawarra Mercury,"Coniston, New South Wales, Australia",https://au.linkedin.com/jobs/view/media-search-analysts-in-australia-remote-at-illawarra-mercury-4305954262?position=13&pageNum=0&refId=mqgLuRpiOJNNAcxUcnKo8w%3D%3D&trackingId=MPSNwrY6xozd9mIg66ppwA%3D%3D
Supply Chain Finance Analyst - ANZ,Hunter Douglas Australia,"Rydalmere, New South Wales, Australia",https://au.linkedin.com/jobs/view/supply-chain-finance-analyst-anz-at-hunter-douglas-australia-4300430548?position=14&pageNum=0&refId=mqgLuRpiOJNNAcxUcnKo8w%3D%3D&trackingId=RYXyAXeROE2P2hMj2jLUCA%3D%3D
"Analyst, China, Climate Change Think Tank",InfluenceMap,"Canberra, Australian Capital Territory, Australia",https://au.linkedin.com/jobs/view/analyst-china-climate-change-think-tank-at-influencemap-4308944121?position=15&pageNum=0&refId=mqgLuRpiOJNNAcxUcnKo8w%3D%3D&trackingId=K9Y9zQs0nQ85diZsfpb54Q%3D%3D
BI Business Intelligence Reporting Analyst - Tableau,Creative Activation,"Sydney, New South Wales, Australia",https://au.linkedin.com/jobs/view/bi-business-intelligence-reporting-analyst-tableau-at-creative-activation-4303725570?position=16&pageNum=0&refId=mqgLuRpiOJNNAcxUcnKo8w%3D%3D&trackingId=A2U%2BCLGeu4vWNSd1%2FWYglg%3D%3D
Fraud Analyst,Easygo,"Melbourne, Victoria, Australia",https://au.linkedin.com/jobs/view/fraud-analyst-at-easygo-4248652725?position=17&pageNum=0&refId=mqgLuRpiOJNNAcxUcnKo8w%3D%3D&trackingId=vlngls9jENsW%2FPO1aWA4gA%3D%3D
Graduate Analyst - Private Equity - Technology & Software - Growth Technology Fund,Collins Executive Recruitment,"Sydney, New South Wales, Australia",https://au.linkedin.com/jobs/view/graduate-analyst-private-equity-technology-software-growth-technology-fund-at-collins-executive-recruitment-4308892975?position=18&pageNum=0&refId=mqgLuRpiOJNNAcxUcnKo8w%3D%3D&trackingId=%2BO12CYloc%2FtuqhrVmLb6qQ%3D%3D
Risk and Chargebacks Analyst,Nuvei,"Sydney, New South Wales, Australia",https://au.linkedin.com/jobs/view/risk-and-chargebacks-analyst-at-nuvei-4281506863?position=19&pageNum=0&refId=mqgLuRpiOJNNAcxUcnKo8w%3D%3D&trackingId=cYYfY91%2FtRE%2FAwlRz3sjVA%3D%3D
Property Investment Analyst,Easygo,"Melbourne, Victoria, Australia",https://au.linkedin.com/jobs/view/property-investment-analyst-at-easygo-4260008121?position=20&pageNum=0&refId=mqgLuRpiOJNNAcxUcnKo8w%3D%3D&trackingId=G3g1Bkun%2F88lzx9ybBBVeQ%3D%3D
AML Analyst,Experis Australia,"Sydney, New South Wales, Australia",https://au.linkedin.com/jobs/view/aml-analyst-at-experis-australia-4303434274?position=21&pageNum=0&refId=mqgLuRpiOJNNAcxUcnKo8w%3D%3D&trackingId=9OlIWmoC8%2Fyam%2BPifpYmCA%3D%3D
Business Analyst Internship,Ace Talent Recruitment,"Melbourne, Victoria, Australia",https://au.linkedin.com/jobs/view/business-analyst-internship-at-ace-talent-recruitment-4305545842?position=22&pageNum=0&refId=mqgLuRpiOJNNAcxUcnKo8w%3D%3D&trackingId=tVuXi2%2BBm5TdddEJ2bnoqw%3D%3D
Service Desk Analyst,Atturra,"Millers Point, New South Wales, Australia",https://au.linkedin.com/jobs/view/service-desk-analyst-at-atturra-4295158385?position=23&pageNum=0&refId=mqgLuRpiOJNNAcxUcnKo8w%3D%3D&trackingId=KZVD6vgU5shqmCRbuMIKLA%3D%3D
Analyst – Mergers & Acquisitions,Stockland,"Sydney, New South Wales, Australia",https://au.linkedin.com/jobs/view/analyst-%E2%80%93-mergers-acquisitions-at-stockland-4299073329?position=24&pageNum=0&refId=mqgLuRpiOJNNAcxUcnKo8w%3D%3D&trackingId=8wCPoHvCsJu24WAcVT%2BnFg%3D%3D
Junior Business Consultant,Success Tutoring,"Melbourne, Victoria, Australia",https://au.linkedin.com/jobs/view/junior-business-consultant-at-success-tutoring-4308188623?position=25&pageNum=0&refId=mqgLuRpiOJNNAcxUcnKo8w%3D%3D&trackingId=ZoDcdo7gbZC2gNoL1IBIMQ%3D%3D
Revenue & Trade Management Analyst,Ferrero,"Sydney, New South Wales, Australia",https://au.linkedin.com/jobs/view/revenue-trade-management-analyst-at-ferrero-4300817709?position=26&pageNum=0&refId=mqgLuRpiOJNNAcxUcnKo8w%3D%3D&trackingId=eynSDgsiAf%2B%2B6ZLo93tJyA%3D%3D
Quality Analyst,Coca-Cola Europacific Partners,"Richlands, Queensland, Australia",https://au.linkedin.com/jobs/view/quality-analyst-at-coca-cola-europacific-partners-4308027024?position=27&pageNum=0&refId=mqgLuRpiOJNNAcxUcnKo8w%3D%3D&trackingId=vGj1ebmRMsAKy8zYiV28RQ%3D%3D
"Analyst, Debt Capital Markets – Global Investment Bank",East Partnership,"Sydney, New South Wales, Australia",https://au.linkedin.com/jobs/view/analyst-debt-capital-markets-%E2%80%93-global-investment-bank-at-east-partnership-4304323600?position=28&pageNum=0&refId=mqgLuRpiOJNNAcxUcnKo8w%3D%3D&trackingId=99NM9CYxKly%2BqCn4yT4gqA%3D%3D
Business Analyst,South Metropolitan Health Service,"Murdoch, Western Australia, Australia",https://au.linkedin.com/jobs/view/business-analyst-at-south-metropolitan-health-service-4189287689?position=29&pageNum=0&refId=mqgLuRpiOJNNAcxUcnKo8w%3D%3D&trackingId=Bow1QllKVtcX%2BCi2tt72MA%3D%3D
Business Analyst Consultant,Emergent Consulting,Australia,https://au.linkedin.com/jobs/view/business-analyst-consultant-at-emergent-consulting-4306699496?position=30&pageNum=0&refId=mqgLuRpiOJNNAcxUcnKo8w%3D%3D&trackingId=6%2FwEV%2F6%2FDz3mUO8SWQs9Xw%3D%3D
Analyst - Leading Investment Bank -Exceptional Culture,KW Partners,"Sydney, New South Wales, Australia",https://au.linkedin.com/jobs/view/analyst-leading-investment-bank-exceptional-culture-at-kw-partners-4303120586?position=31&pageNum=0&refId=mqgLuRpiOJNNAcxUcnKo8w%3D%3D&trackingId=5bNutlUKpQw2uZ73XZjQ2g%3D%3D
Business Analyst,Gold Corporation - The Perth Mint,"East Perth, Western Australia, Australia",https://au.linkedin.com/jobs/view/business-analyst-at-gold-corporation-the-perth-mint-4307242378?position=32&pageNum=0&refId=mqgLuRpiOJNNAcxUcnKo8w%3D%3D&trackingId=D7dXwWiBooeB8WZxo7I9vA%3D%3D
Service Desk Analyst,Centorrino Technologies,Australia,https://au.linkedin.com/jobs/view/service-desk-analyst-at-centorrino-technologies-4299724676?position=33&pageNum=0&refId=mqgLuRpiOJNNAcxUcnKo8w%3D%3D&trackingId=n8T9YgXMD9yansuSJZNnLQ%3D%3D
Analyst - Credit & Patron Banking,Crown Resorts,"Southbank, Victoria, Australia",https://au.linkedin.com/jobs/view/analyst-credit-patron-banking-at-crown-resorts-4305958741?position=34&pageNum=0&refId=mqgLuRpiOJNNAcxUcnKo8w%3D%3D&trackingId=HUKGNVOianZSe7rQ0WoRsg%3D%3D
Risk Analyst,Pacific International Insurance (AU/NZ),"Newcastle, New South Wales, Australia",https://au.linkedin.com/jobs/view/risk-analyst-at-pacific-international-insurance-au-nz-4303375744?position=35&pageNum=0&refId=mqgLuRpiOJNNAcxUcnKo8w%3D%3D&trackingId=k3hQyIZTVYBHQVIWx7vkuA%3D%3D
Business Process Analyst,Cognizant,Greater Sydney Area,https://au.linkedin.com/jobs/view/business-process-analyst-at-cognizant-4304518779?position=36&pageNum=0&refId=mqgLuRpiOJNNAcxUcnKo8w%3D%3D&trackingId=5UAO66VNulFQX9G4Xp6i1g%3D%3D
Financial Analyst,Robert Half,"Melbourne, Victoria, Australia",https://au.linkedin.com/jobs/view/financial-analyst-at-robert-half-4306341433?position=37&pageNum=0&refId=mqgLuRpiOJNNAcxUcnKo8w%3D%3D&trackingId=wMPgjQ%2BX0wo4tAa1%2B5Ht0g%3D%3D
Analyst - Data Analytics,NAB,"Sydney, New South Wales, Australia",https://au.linkedin.com/jobs/view/analyst-data-analytics-at-nab-4307233417?position=38&pageNum=0&refId=mqgLuRpiOJNNAcxUcnKo8w%3D%3D&trackingId=mLIiSsLlkhT90XaM3CggTA%3D%3D
Data Analyst,Easygo,"Melbourne, Victoria, Australia",https://au.linkedin.com/jobs/view/data-analyst-at-easygo-4292851087?position=39&pageNum=0&refId=mqgLuRpiOJNNAcxUcnKo8w%3D%3D&trackingId=lLDy3YoYHagOyY4JFLS2pw%3D%3D
"Research Analyst, Utilities, infrastructure, Energy & Sustainability",Morgan Stanley,"Sydney, New South Wales, Australia",https://au.linkedin.com/jobs/view/research-analyst-utilities-infrastructure-energy-sustainability-at-morgan-stanley-4303371058?position=40&pageNum=0&refId=mqgLuRpiOJNNAcxUcnKo8w%3D%3D&trackingId=yycrBGtXalrfMnNmuLAn1g%3D%3D
Financial Analyst,Robert Half,"Melbourne, Victoria, Australia",https://au.linkedin.com/jobs/view/financial-analyst-at-robert-half-4306337914?position=41&pageNum=0&refId=mqgLuRpiOJNNAcxUcnKo8w%3D%3D&trackingId=WRjaAXmf0f2yzrprniIHpw%3D%3D
Power BI Analyst,People First Bank,"Queensland, Australia",https://au.linkedin.com/jobs/view/power-bi-analyst-at-people-first-bank-4304505819?position=42&pageNum=0&refId=mqgLuRpiOJNNAcxUcnKo8w%3D%3D&trackingId=QAvf%2FdZ2DAyqTYBB0zQg3g%3D%3D
Test Analyst - Contract,Centorrino Technologies,"Darwin, Northern Territory, Australia",https://au.linkedin.com/jobs/view/test-analyst-contract-at-centorrino-technologies-4299483735?position=43&pageNum=0&refId=mqgLuRpiOJNNAcxUcnKo8w%3D%3D&trackingId=enweDxGtP7VOWj18vsO2xQ%3D%3D
Systems Support Analyst,Illawarra Mercury,"Coniston, New South Wales, Australia",https://au.linkedin.com/jobs/view/systems-support-analyst-at-illawarra-mercury-4303274403?position=44&pageNum=0&refId=mqgLuRpiOJNNAcxUcnKo8w%3D%3D&trackingId=Vhq53rK6zcYHnnkwJXq6VQ%3D%3D
Analyst,ASIC,"Hobart, Tasmania, Australia",https://au.linkedin.com/jobs/view/analyst-at-asic-4305955673?position=45&pageNum=0&refId=mqgLuRpiOJNNAcxUcnKo8w%3D%3D&trackingId=4%2FY%2F2B8v%2BqzfgEZdhJR99w%3D%3D
Market Analyst & Educator,ACY Securities,"Chatswood, New South Wales, Australia",https://au.linkedin.com/jobs/view/market-analyst-educator-at-acy-securities-4291541022?position=46&pageNum=0&refId=mqgLuRpiOJNNAcxUcnKo8w%3D%3D&trackingId=r0tt4cHu4NUyJKyWYUPzHA%3D%3D
Graduate Research Analyst,Canstar,"Brisbane City, Queensland, Australia",https://au.linkedin.com/jobs/view/graduate-research-analyst-at-canstar-4304111100?position=47&pageNum=0&refId=mqgLuRpiOJNNAcxUcnKo8w%3D%3D&trackingId=VYBlt%2BmgDItYgBvfjNHydA%3D%3D
Analyst,ASIC,"Perth, Western Australia, Australia",https://au.linkedin.com/jobs/view/analyst-at-asic-4305953730?position=48&pageNum=0&refId=mqgLuRpiOJNNAcxUcnKo8w%3D%3D&trackingId=nqhH6Ba6d0QmP0O7RDYaSg%3D%3D
Cyber Security Analyst,Centorrino Technologies,"Perth, Western Australia, Australia",https://au.linkedin.com/jobs/view/cyber-security-analyst-at-centorrino-technologies-4305165547?position=49&pageNum=0&refId=mqgLuRpiOJNNAcxUcnKo8w%3D%3D&trackingId=f5FcI3K8Q2wQcNUIHaVg5A%3D%3D
Cyber Security Analyst,Centorrino Technologies,"Melbourne, Victoria, Australia",https://au.linkedin.com/jobs/view/cyber-security-analyst-at-centorrino-technologies-4305177229?position=50&pageNum=0&refId=mqgLuRpiOJNNAcxUcnKo8w%3D%3D&trackingId=6XV7P%2Fee8rghWcTN2gNVLw%3D%3D
Analyst,ASIC,"Adelaide, South Australia, Australia",https://au.linkedin.com/jobs/view/analyst-at-asic-4305955676?position=51&pageNum=0&refId=mqgLuRpiOJNNAcxUcnKo8w%3D%3D&trackingId=ntBP3sshbz2A9ECubwS%2FhQ%3D%3D
Analyst - Major Projects Advisory,KordaMentha,"Brisbane City, Queensland, Australia",https://au.linkedin.com/jobs/view/analyst-major-projects-advisory-at-kordamentha-4302611682?position=52&pageNum=0&refId=mqgLuRpiOJNNAcxUcnKo8w%3D%3D&trackingId=eQR0kVDiTUi%2FfFpsfdU24Q%3D%3D
Analyst - Data Analytics,NAB,"Melbourne, Victoria, Australia",https://au.linkedin.com/jobs/view/analyst-data-analytics-at-nab-4307247315?position=53&pageNum=0&refId=mqgLuRpiOJNNAcxUcnKo8w%3D%3D&trackingId=9pbsva4XiASNyDWIRpw3eA%3D%3D
Quantitative Sports Analyst,ZeroFlucs,"Brisbane, Queensland, Australia",https://au.linkedin.com/jobs/view/quantitative-sports-analyst-at-zeroflucs-4307019845?position=54&pageNum=0&refId=mqgLuRpiOJNNAcxUcnKo8w%3D%3D&trackingId=239jpee11ddNde%2BiuOKptw%3D%3D
Analyst,ASIC,"Sydney, New South Wales, Australia",https://au.linkedin.com/jobs/view/analyst-at-asic-4305966289?position=55&pageNum=0&refId=mqgLuRpiOJNNAcxUcnKo8w%3D%3D&trackingId=7n2NSCDBC4hxydYwVhJh0Q%3D%3D
Clinical Documentation Improvement Analyst Officer,Illawarra Mercury,"Coniston, New South Wales, Australia",https://au.linkedin.com/jobs/view/clinical-documentation-improvement-analyst-officer-at-illawarra-mercury-4300522510?position=56&pageNum=0&refId=mqgLuRpiOJNNAcxUcnKo8w%3D%3D&trackingId=qYDC7LKzRcbGmB97pYd%2B%2BQ%3D%3D
Analyst,ASIC,"Sydney, New South Wales, Australia",https://au.linkedin.com/jobs/view/analyst-at-asic-4305957535?position=57&pageNum=0&refId=mqgLuRpiOJNNAcxUcnKo8w%3D%3D&trackingId=z4zxwUD8qli9jdQWY%2FYvYw%3D%3D
Investment Analyst | Upto $130/hr Remote,Mercor,Australia,https://au.linkedin.com/jobs/view/investment-analyst-upto-%24130-hr-remote-at-mercor-4310554541?position=58&pageNum=0&refId=mqgLuRpiOJNNAcxUcnKo8w%3D%3D&trackingId=Jbix5NgFxIK%2FwmlWw%2F9yuQ%3D%3D
Analyst,ASIC,"Hobart, Tasmania, Australia",https://au.linkedin.com/jobs/view/analyst-at-asic-4305956590?position=59&pageNum=0&refId=mqgLuRpiOJNNAcxUcnKo8w%3D%3D&trackingId=FgUwQmjsYlD8Tgms1LAGOw%3D%3D
Analyst,ASIC,"Melbourne, Victoria, Australia",https://au.linkedin.com/jobs/view/analyst-at-asic-4305957536?position=60&pageNum=0&refId=mqgLuRpiOJNNAcxUcnKo8w%3D%3D&trackingId=NQYl8z4j%2BlsMxc4dAGvKhw%3D%3D
Revenue & Trade Management Analyst,Ferrero,"Sydney, New South Wales, Australia",https://au.linkedin.com/jobs/view/revenue-trade-management-analyst-at-ferrero-4300817709?position=1&pageNum=2&refId=GwWYoDvUrOajuKuZlyx2mA%3D%3D&trackingId=6fXKpmNEuJmIWBxLcQMBpg%3D%3D
Quality Analyst,Coca-Cola Europacific Partners,"Richlands, Queensland, Australia",https://au.linkedin.com/jobs/view/quality-analyst-at-coca-cola-europacific-partners-4308027024?position=2&pageNum=2&refId=GwWYoDvUrOajuKuZlyx2mA%3D%3D&trackingId=zfF8OsOOw1q5UzaPCWrkYA%3D%3D
"Analyst, Debt Capital Markets – Global Investment Bank",East Partnership,"Sydney, New South Wales, Australia",https://au.linkedin.com/jobs/view/analyst-debt-capital-markets-%E2%80%93-global-investment-bank-at-east-partnership-4304323600?position=3&pageNum=2&refId=GwWYoDvUrOajuKuZlyx2mA%3D%3D&trackingId=CtxrQgLXD5gPJ2kaK4faRA%3D%3D
Business Analyst,South Metropolitan Health Service,"Murdoch, Western Australia, Australia",https://au.linkedin.com/jobs/view/business-analyst-at-south-metropolitan-health-service-4189287689?position=4&pageNum=2&refId=GwWYoDvUrOajuKuZlyx2mA%3D%3D&trackingId=WInPeVI7Nx94dyswq%2F%2BIGg%3D%3D
Business Analyst Consultant,Emergent Consulting,Australia,https://au.linkedin.com/jobs/view/business-analyst-consultant-at-emergent-consulting-4306699496?position=5&pageNum=2&refId=GwWYoDvUrOajuKuZlyx2mA%3D%3D&trackingId=hQf1PlHQdFE232A8daE%2FCw%3D%3D
Analyst - Leading Investment Bank -Exceptional Culture,KW Partners,"Sydney, New South Wales, Australia",https://au.linkedin.com/jobs/view/analyst-leading-investment-bank-exceptional-culture-at-kw-partners-4303120586?position=6&pageNum=2&refId=GwWYoDvUrOajuKuZlyx2mA%3D%3D&trackingId=yENvGblIdeneblofuqFSQQ%3D%3D
Business Analyst,Gold Corporation - The Perth Mint,"East Perth, Western Australia, Australia",https://au.linkedin.com/jobs/view/business-analyst-at-gold-corporation-the-perth-mint-4307242378?position=7&pageNum=2&refId=GwWYoDvUrOajuKuZlyx2mA%3D%3D&trackingId=9h9SYzFhFyYHjREA1zKR2A%3D%3D
Service Desk Analyst,Centorrino Technologies,Australia,https://au.linkedin.com/jobs/view/service-desk-analyst-at-centorrino-technologies-4299724676?position=8&pageNum=2&refId=GwWYoDvUrOajuKuZlyx2mA%3D%3D&trackingId=%2FafL0jPjdZdCeEwFbSVj2g%3D%3D
Analyst - Credit & Patron Banking,Crown Resorts,"Southbank, Victoria, Australia",https://au.linkedin.com/jobs/view/analyst-credit-patron-banking-at-crown-resorts-4305958741?position=9&pageNum=2&refId=GwWYoDvUrOajuKuZlyx2mA%3D%3D&trackingId=RJcrB8m8akcAHTz5as92%2Fw%3D%3D
Risk Analyst,Pacific International Insurance (AU/NZ),"Newcastle, New South Wales, Australia",https://au.linkedin.com/jobs/view/risk-analyst-at-pacific-international-insurance-au-nz-4303375744?position=10&pageNum=2&refId=GwWYoDvUrOajuKuZlyx2mA%3D%3D&trackingId=%2BM79v%2F7ol8LDRX6msqcX6Q%3D%3D
Analyst,ASIC,"Adelaide, South Australia, Australia",https://au.linkedin.com/jobs/view/analyst-at-asic-4305955676?position=1&pageNum=5&refId=j84RSPJ9XBVcirDYJJw18w%3D%3D&trackingId=Dz83bNRS8xpKXoyaXXpEKg%3D%3D
Analyst - Major Projects Advisory,KordaMentha,"Brisbane City, Queensland, Australia",https://au.linkedin.com/jobs/view/analyst-major-projects-advisory-at-kordamentha-4302611682?position=2&pageNum=5&refId=j84RSPJ9XBVcirDYJJw18w%3D%3D&trackingId=6wp%2BRySNhSYlt4BszySUYA%3D%3D
Analyst - Data Analytics,NAB,"Melbourne, Victoria, Australia",https://au.linkedin.com/jobs/view/analyst-data-analytics-at-nab-4307247315?position=3&pageNum=5&refId=j84RSPJ9XBVcirDYJJw18w%3D%3D&trackingId=G8SDcDeNCxAeCWSPEOr%2F3Q%3D%3D
Quantitative Sports Analyst,ZeroFlucs,"Brisbane, Queensland, Australia",https://au.linkedin.com/jobs/view/quantitative-sports-analyst-at-zeroflucs-4307019845?position=4&pageNum=5&refId=j84RSPJ9XBVcirDYJJw18w%3D%3D&trackingId=TmoyTq%2Fq7xhqS5kBei8G3A%3D%3D
Analyst,ASIC,"Sydney, New South Wales, Australia",https://au.linkedin.com/jobs/view/analyst-at-asic-4305966289?position=5&pageNum=5&refId=j84RSPJ9XBVcirDYJJw18w%3D%3D&trackingId=mRNX9S89bpIpkmJDTSJeww%3D%3D
Clinical Documentation Improvement Analyst Officer,Illawarra Mercury,"Coniston, New South Wales, Australia",https://au.linkedin.com/jobs/view/clinical-documentation-improvement-analyst-officer-at-illawarra-mercury-4300522510?position=6&pageNum=5&refId=j84RSPJ9XBVcirDYJJw18w%3D%3D&trackingId=Oxkp%2Blr%2FvnDp7sfrSemPfA%3D%3D
Analyst,ASIC,"Sydney, New South Wales, Australia",https://au.linkedin.com/jobs/view/analyst-at-asic-4305957535?position=7&pageNum=5&refId=j84RSPJ9XBVcirDYJJw18w%3D%3D&trackingId=SW29M%2B8Xsid74SdqZJv7Ww%3D%3D
Investment Analyst | Upto $130/hr Remote,Mercor,Australia,https://au.linkedin.com/jobs/view/investment-analyst-upto-%24130-hr-remote-at-mercor-4310554541?position=8&pageNum=5&refId=j84RSPJ9XBVcirDYJJw18w%3D%3D&trackingId=9o5%2FX%2FdUTqkEN2sZjQAXKA%3D%3D
Analyst,ASIC,"Hobart, Tasmania, Australia",https://au.linkedin.com/jobs/view/analyst-at-asic-4305956590?position=9&pageNum=5&refId=j84RSPJ9XBVcirDYJJw18w%3D%3D&trackingId=aNE66jrrBiYsnIBpwYS9uw%3D%3D
Analyst,ASIC,"Melbourne, Victoria, Australia",https://au.linkedin.com/jobs/view/analyst-at-asic-4305957536?position=10&pageNum=5&refId=j84RSPJ9XBVcirDYJJw18w%3D%3D&trackingId=UJy1oOqibzoM0IbR4FSr1g%3D%3D
AI Agent Evaluation Analyst - AI Trainer,Mindrift,Australia,https://au.linkedin.com/jobs/view/ai-agent-evaluation-analyst-ai-trainer-at-mindrift-4308453927?position=1&pageNum=7&refId=Sf8gkDo%2F5wd7n7zXdQzUhw%3D%3D&trackingId=dGp815Pck%2B%2FjZ9%2BND%2BPDJg%3D%3D
AI Agent Evaluation Analyst - AI Trainer,Mindrift,Australia,https://au.linkedin.com/jobs/view/ai-agent-evaluation-analyst-ai-trainer-at-mindrift-4308452969?position=2&pageNum=7&refId=Sf8gkDo%2F5wd7n7zXdQzUhw%3D%3D&trackingId=XQ4MQMDJVx1XowKJsbf0Sg%3D%3D
Credit Analyst,Selfco,"Baulkham Hills, New South Wales, Australia",https://au.linkedin.com/jobs/view/credit-analyst-at-selfco-4307325972?position=3&pageNum=7&refId=Sf8gkDo%2F5wd7n7zXdQzUhw%3D%3D&trackingId=zAW9khKrE%2BhvNFBDb9mScA%3D%3D
Business Intelligence Analyst,Flinders Port Holdings Pty Limited,"Adelaide, South Australia, Australia",https://au.linkedin.com/jobs/view/business-intelligence-analyst-at-flinders-port-holdings-pty-limited-4305845841?position=4&pageNum=7&refId=Sf8gkDo%2F5wd7n7zXdQzUhw%3D%3D&trackingId=WPckjias0QwLFexC9d9RQA%3D%3D
AI Agent Evaluation Analyst - AI Trainer,Mindrift,Australia,https://au.linkedin.com/jobs/view/ai-agent-evaluation-analyst-ai-trainer-at-mindrift-4308473006?position=5&pageNum=7&refId=Sf8gkDo%2F5wd7n7zXdQzUhw%3D%3D&trackingId=1sbTkZOepguAnofPRbFpBg%3D%3D
Data Analyst,Adelaide PHN,"Mile End, South Australia, Australia",https://au.linkedin.com/jobs/view/data-analyst-at-adelaide-phn-4302625138?position=6&pageNum=7&refId=Sf8gkDo%2F5wd7n7zXdQzUhw%3D%3D&trackingId=Y%2FwjKa%2F05mALbpYyjiET8g%3D%3D
AML Compliance Analyst,Easygo,"Melbourne, Victoria, Australia",https://au.linkedin.com/jobs/view/aml-compliance-analyst-at-easygo-4285163422?position=7&pageNum=7&refId=Sf8gkDo%2F5wd7n7zXdQzUhw%3D%3D&trackingId=ifmaAlqGvZq6xGOlLNPX3Q%3D%3D
Analyst - Data Analytics,NAB,"Canberra, Australian Capital Territory, Australia",https://au.linkedin.com/jobs/view/analyst-data-analytics-at-nab-4307232404?position=8&pageNum=7&refId=Sf8gkDo%2F5wd7n7zXdQzUhw%3D%3D&trackingId=Nx6JaKDBiILFlsl%2BFmk5ew%3D%3D
Data Analyst,BINGO INDUSTRIES,"Sydney, New South Wales, Australia",https://au.linkedin.com/jobs/view/data-analyst-at-bingo-industries-4286639411?position=9&pageNum=7&refId=Sf8gkDo%2F5wd7n7zXdQzUhw%3D%3D&trackingId=rTMZWCWkFL8pSawdOEM8Yw%3D%3D
Data Analyst,Ventia,"North Sydney, New South Wales, Australia",https://au.linkedin.com/jobs/view/data-analyst-at-ventia-4307837360?position=10&pageNum=7&refId=Sf8gkDo%2F5wd7n7zXdQzUhw%3D%3D&trackingId=a8kbdODo9s0w2uvzsBHY2w%3D%3D
Graduate Business Development Associate – Private Credit | Buy-Side Exposure,AltX Financial Group,"Bondi Junction, New South Wales, Australia",https://au.linkedin.com/jobs/view/graduate-business-development-associate-%E2%80%93-private-credit-buy-side-exposure-at-altx-financial-group-4302233372?position=1&pageNum=10&refId=V%2BlAqJ9vOzCMxcygu9DMhg%3D%3D&trackingId=Fd9l3%2FjYF07%2B%2BP711dOO5w%3D%3D
Quantitative Research Consultant,Aptitude Recruitment,"Sydney, New South Wales, Australia",https://au.linkedin.com/jobs/view/quantitative-research-consultant-at-aptitude-recruitment-4305514799?position=2&pageNum=10&refId=V%2BlAqJ9vOzCMxcygu9DMhg%3D%3D&trackingId=MfrD5bqCDd8%2Fim%2FaaggYAw%3D%3D
AI Agent Evaluation Analyst - AI Trainer,Mindrift,Australia,https://au.linkedin.com/jobs/view/ai-agent-evaluation-analyst-ai-trainer-at-mindrift-4304115231?position=3&pageNum=10&refId=V%2BlAqJ9vOzCMxcygu9DMhg%3D%3D&trackingId=xkgPXMdUEi1euOjqnTNUmQ%3D%3D
Investment Banking Analyst/ Associate,Kenbury,"Sydney, New South Wales, Australia",https://au.linkedin.com/jobs/view/investment-banking-analyst-associate-at-kenbury-4302461607?position=4&pageNum=10&refId=V%2BlAqJ9vOzCMxcygu9DMhg%3D%3D&trackingId=TpglJB0sPc8zPOiiGXFTww%3D%3D
End User Computing Analyst,MedHealth,"Melbourne, Victoria, Australia",https://au.linkedin.com/jobs/view/end-user-computing-analyst-at-medhealth-4264839426?position=5&pageNum=10&refId=V%2BlAqJ9vOzCMxcygu9DMhg%3D%3D&trackingId=0RYRg1%2FT1Jl6%2BbLedJ%2Bz2g%3D%3D
Junior Business Consultant (Melbourne Based),Success Tutoring,"Melbourne, Victoria, Australia",https://au.linkedin.com/jobs/view/junior-business-consultant-melbourne-based-at-success-tutoring-4310128375?position=6&pageNum=10&refId=V%2BlAqJ9vOzCMxcygu9DMhg%3D%3D&trackingId=%2FDJ2RJPp428joXUrvOZtaA%3D%3D
BI Business Analyst,SunRice Group,Greater Melbourne Area,https://au.linkedin.com/jobs/view/bi-business-analyst-at-sunrice-group-4294957007?position=7&pageNum=10&refId=V%2BlAqJ9vOzCMxcygu9DMhg%3D%3D&trackingId=Ch7sbyTAED7Mv1OpDgj2jg%3D%3D
Financial Analyst,Hays,"Sydney, New South Wales, Australia",https://au.linkedin.com/jobs/view/financial-analyst-at-hays-4308648143?position=8&pageNum=10&refId=V%2BlAqJ9vOzCMxcygu9DMhg%3D%3D&trackingId=o%2FSA7nmZefsmFbr01REkHA%3D%3D
Business Analyst,St Vincent's Health Australia,Greater Brisbane Area,https://au.linkedin.com/jobs/view/business-analyst-at-st-vincent-s-health-australia-4307350311?position=9&pageNum=10&refId=V%2BlAqJ9vOzCMxcygu9DMhg%3D%3D&trackingId=%2F1yyJAu1hPGV21Z680Pfsg%3D%3D
Production Planning Analyst,Sydney Trains,"Auburn, New South Wales, Australia",https://au.linkedin.com/jobs/view/production-planning-analyst-at-sydney-trains-4305446593?position=10&pageNum=10&refId=V%2BlAqJ9vOzCMxcygu9DMhg%3D%3D&trackingId=RTXpZAoYIikz%2BkTsXpme8Q%3D%3D
Industry Analyst,Procurement Australia,"Melbourne, Victoria, Australia",https://au.linkedin.com/jobs/view/industry-analyst-at-procurement-australia-4249800526?position=1&pageNum=12&refId=XorI3rRThOCtdYwmbFNA%2FQ%3D%3D&trackingId=SQD2lL%2FedLp5o%2FagJtFcww%3D%3D
Credit Analyst | Asset Finance,Robert Half,"Sydney, New South Wales, Australia",https://au.linkedin.com/jobs/view/credit-analyst-asset-finance-at-robert-half-4307003310?position=2&pageNum=12&refId=XorI3rRThOCtdYwmbFNA%2FQ%3D%3D&trackingId=B6zg5OwsRL%2FB2ohSJNdjQA%3D%3D
Customer Success Analyst,Finance and Mortgage Solutions,"Sydney, New South Wales, Australia",https://au.linkedin.com/jobs/view/customer-success-analyst-at-finance-and-mortgage-solutions-4308861309?position=3&pageNum=12&refId=XorI3rRThOCtdYwmbFNA%2FQ%3D%3D&trackingId=TQ7QG62rm5PPdgcxUlV%2B4A%3D%3D
Junior Analyst (x2),Sunshine Coast Council,"Sunshine Coast, Queensland, Australia",https://au.linkedin.com/jobs/view/junior-analyst-x2-at-sunshine-coast-council-4308516654?position=4&pageNum=12&refId=XorI3rRThOCtdYwmbFNA%2FQ%3D%3D&trackingId=bWgsOiaEj1JaNEdDACELfw%3D%3D
Financial Analyst Investment Banking | Upto $130/hr Remote,Mercor,Australia,https://au.linkedin.com/jobs/view/financial-analyst-investment-banking-upto-%24130-hr-remote-at-mercor-4310555566?position=5&pageNum=12&refId=XorI3rRThOCtdYwmbFNA%2FQ%3D%3D&trackingId=Wq8Tpxjxp2eV%2BvpOyznLgQ%3D%3D
Analyst - RNA,WNS,"Sutherland, New South Wales, Australia",https://au.linkedin.com/jobs/view/analyst-rna-at-wns-3827668618?position=6&pageNum=12&refId=XorI3rRThOCtdYwmbFNA%2FQ%3D%3D&trackingId=jDHDO4Gh%2Bvzi0IH2bYuReA%3D%3D
Investment Analyst - Anacacia Global Fund,Anacacia Capital,"Sydney, New South Wales, Australia",https://au.linkedin.com/jobs/view/investment-analyst-anacacia-global-fund-at-anacacia-capital-4287306913?position=7&pageNum=12&refId=XorI3rRThOCtdYwmbFNA%2FQ%3D%3D&trackingId=zx5lOyMpkzTnG6aktXweoQ%3D%3D
Business & Logistics Operations Analyst,Ingram Micro,"Surrey Hills, Victoria, Australia",https://au.linkedin.com/jobs/view/business-logistics-operations-analyst-at-ingram-micro-4277129774?position=8&pageNum=12&refId=XorI3rRThOCtdYwmbFNA%2FQ%3D%3D&trackingId=gz1qCXIzabJSbMQS9ulK5w%3D%3D
Test Analyst - Contract,Centorrino Technologies,"Darwin City, Northern Territory, Australia",https://au.linkedin.com/jobs/view/test-analyst-contract-at-centorrino-technologies-4298037992?position=9&pageNum=12&refId=XorI3rRThOCtdYwmbFNA%2FQ%3D%3D&trackingId=kQGuqck7mcMJsUgLz2M61Q%3D%3D
"Analyst, Place (Communities)",Minderoo Foundation,"Perth, Western Australia, Australia",https://au.linkedin.com/jobs/view/analyst-place-communities-at-minderoo-foundation-4299939500?position=10&pageNum=12&refId=XorI3rRThOCtdYwmbFNA%2FQ%3D%3D&trackingId=KRb16n4xzOWn8Mae6iVjXA%3D%3D
"Analyst, Capital Markets Group",MUFG,Greater Sydney Area,https://au.linkedin.com/jobs/view/analyst-capital-markets-group-at-mufg-4305428449?position=1&pageNum=15&refId=%2FOPwAEh%2FnW16GVSHuYjsCQ%3D%3D&trackingId=GvVYjdyZ%2BkN67vWL9w3fCA%3D%3D
Business Analyst x 2,Bendigo Advertiser,"Bar Beach, New South Wales, Australia",https://au.linkedin.com/jobs/view/business-analyst-x-2-at-bendigo-advertiser-4306007946?position=2&pageNum=15&refId=%2FOPwAEh%2FnW16GVSHuYjsCQ%3D%3D&trackingId=ZRDw4%2FQLKHnm90pwszzV1A%3D%3D
Analyst / Senior Analyst – Restructuring & Insolvency (Townsville),Genius People,"Townsville, Queensland, Australia",https://au.linkedin.com/jobs/view/analyst-senior-analyst-%E2%80%93-restructuring-insolvency-townsville-at-genius-people-4300439541?position=3&pageNum=15&refId=%2FOPwAEh%2FnW16GVSHuYjsCQ%3D%3D&trackingId=fX74zVil8dnni6BppKRIOQ%3D%3D
Media Analyst,Streem (Media Monitoring & Insights),"Sydney, New South Wales, Australia",https://au.linkedin.com/jobs/view/media-analyst-at-streem-media-monitoring-insights-4304388576?position=4&pageNum=15&refId=%2FOPwAEh%2FnW16GVSHuYjsCQ%3D%3D&trackingId=6YppzD3YIWH9l%2B55Ukwa6Q%3D%3D
Property Analyst,Stonebridge Property Group,"Melbourne, Victoria, Australia",https://au.linkedin.com/jobs/view/property-analyst-at-stonebridge-property-group-4299087553?position=5&pageNum=15&refId=%2FOPwAEh%2FnW16GVSHuYjsCQ%3D%3D&trackingId=CdMrM9qqhTicJjyBymWeSg%3D%3D
Remote Systems Support Analyst About You Why Join Us?,Monash University,"Melbourne, Victoria, Australia",https://au.linkedin.com/jobs/view/remote-systems-support-analyst-about-you-why-join-us%3F-at-monash-university-4303039167?position=6&pageNum=15&refId=%2FOPwAEh%2FnW16GVSHuYjsCQ%3D%3D&trackingId=RQFJn3GJcCwhLz31TvMKXg%3D%3D
Digital Business Analyst,Ventia,"Cremorne, Victoria, Australia",https://au.linkedin.com/jobs/view/digital-business-analyst-at-ventia-4308694285?position=7&pageNum=15&refId=%2FOPwAEh%2FnW16GVSHuYjsCQ%3D%3D&trackingId=CXKKBSYQLK4Fo4IS%2BwNU9A%3D%3D
AI & Data Insights Analyst Internship In Bali,EX Venture Inc.,"Sydney, New South Wales, Australia",https://au.linkedin.com/jobs/view/ai-data-insights-analyst-internship-in-bali-at-ex-venture-inc-4306950820?position=8&pageNum=15&refId=%2FOPwAEh%2FnW16GVSHuYjsCQ%3D%3D&trackingId=gjh0rKfc%2FMt8cgKJrvH3zQ%3D%3D
ESG Analyst,Vinarchy,"Adelaide, South Australia, Australia",https://au.linkedin.com/jobs/view/esg-analyst-at-vinarchy-4303343504?position=9&pageNum=15&refId=%2FOPwAEh%2FnW16GVSHuYjsCQ%3D%3D&trackingId=JwKOgDhTjL00qEKJ8rXkUQ%3D%3D
Sales Performance Analyst,Suntory Oceania,"Millers Point, New South Wales, Australia",https://au.linkedin.com/jobs/view/sales-performance-analyst-at-suntory-oceania-4307841296?position=10&pageNum=15&refId=%2FOPwAEh%2FnW16GVSHuYjsCQ%3D%3D&trackingId=KEoFipt1%2BbybpeQnulcudw%3D%3D
Analyst - RNA,WNS,"Sutherland, New South Wales, Australia",https://au.linkedin.com/jobs/view/analyst-rna-at-wns-3845609933?position=1&pageNum=17&refId=eBGaMbO6nCppwV1%2F%2F6WYRg%3D%3D&trackingId=gbIku0fZrhU1g%2BbcXrq6sw%3D%3D
Credit Analyst,Ampol,"Sydney, New South Wales, Australia",https://au.linkedin.com/jobs/view/credit-analyst-at-ampol-4302880615?position=2&pageNum=17&refId=eBGaMbO6nCppwV1%2F%2F6WYRg%3D%3D&trackingId=NYKm1XBGydVjUst3imFT0w%3D%3D
Analyst - RNA,WNS,"Sutherland, New South Wales, Australia",https://au.linkedin.com/jobs/view/analyst-rna-at-wns-3823265997?position=3&pageNum=17&refId=eBGaMbO6nCppwV1%2F%2F6WYRg%3D%3D&trackingId=eogKWCwpz47gbyOeRjR0Sg%3D%3D
Finance Analyst - FP&A,Bega Group,"Docklands, Victoria, Australia",https://au.linkedin.com/jobs/view/finance-analyst-fp-a-at-bega-group-4300615364?position=4&pageNum=17&refId=eBGaMbO6nCppwV1%2F%2F6WYRg%3D%3D&trackingId=DXWPDgjYYqm8L9UYvAGJdg%3D%3D
Analyst - RNA,WNS,"Sutherland, New South Wales, Australia",https://au.linkedin.com/jobs/view/analyst-rna-at-wns-3823267804?position=5&pageNum=17&refId=eBGaMbO6nCppwV1%2F%2F6WYRg%3D%3D&trackingId=01aBW33vzLQMcg19jdOoPg%3D%3D
Business Analyst,Nextracker Inc.,"Manly, New South Wales, Australia",https://au.linkedin.com/jobs/view/business-analyst-at-nextracker-inc-4291936867?position=6&pageNum=17&refId=eBGaMbO6nCppwV1%2F%2F6WYRg%3D%3D&trackingId=JgFQCWEgiwJWjeB%2FwUyIRw%3D%3D
Associate SOC Analyst,Fastly,"Melbourne, Victoria, Australia",https://au.linkedin.com/jobs/view/associate-soc-analyst-at-fastly-4295063582?position=7&pageNum=17&refId=eBGaMbO6nCppwV1%2F%2F6WYRg%3D%3D&trackingId=pF58iJBuy0IvjF9qIYa5kw%3D%3D
Data and Reporting Analyst,RPS,"Fortitude Valley, Queensland, Australia",https://au.linkedin.com/jobs/view/data-and-reporting-analyst-at-rps-4275357438?position=8&pageNum=17&refId=eBGaMbO6nCppwV1%2F%2F6WYRg%3D%3D&trackingId=CpNABABfGz707TNbe0CztQ%3D%3D
Data and Insights Analyst,Shell Energy Australia,"Melbourne, Victoria, Australia",https://au.linkedin.com/jobs/view/data-and-insights-analyst-at-shell-energy-australia-4303496310?position=9&pageNum=17&refId=eBGaMbO6nCppwV1%2F%2F6WYRg%3D%3D&trackingId=u63pIMsRRSztP%2By5DGbaog%3D%3D
Analyst - RNA,WNS,"Sutherland, New South Wales, Australia",https://au.linkedin.com/jobs/view/analyst-rna-at-wns-3827672127?position=10&pageNum=17&refId=eBGaMbO6nCppwV1%2F%2F6WYRg%3D%3D&trackingId=Ih8ezj19llMmt4XPxnKG1g%3D%3D
Information Analyst,Alfred Health,"Melbourne, Victoria, Australia",https://au.linkedin.com/jobs/view/information-analyst-at-alfred-health-4299506177?position=1&pageNum=20&refId=ERzmLKlZHaRXztO%2BKplAuw%3D%3D&trackingId=hts0zqJTLYmyrno6d%2BsDHQ%3D%3D
Product Analyst,Netwealth - See Wealth Differently (ASX:NWL),"Melbourne, Victoria, Australia",https://au.linkedin.com/jobs/view/product-analyst-at-netwealth-see-wealth-differently-asx-nwl-4293802832?position=2&pageNum=20&refId=ERzmLKlZHaRXztO%2BKplAuw%3D%3D&trackingId=S73O5yzN29WRvcLU6GFGtQ%3D%3D
Associate Service Desk Analyst,Hays,"Canberra, Australian Capital Territory, Australia",https://au.linkedin.com/jobs/view/associate-service-desk-analyst-at-hays-4305266934?position=3&pageNum=20&refId=ERzmLKlZHaRXztO%2BKplAuw%3D%3D&trackingId=w9jDBRfMek%2BtXmZORNfwKA%3D%3D
eCommerce Business Analyst,The Good Guys,"Southbank, Victoria, Australia",https://au.linkedin.com/jobs/view/ecommerce-business-analyst-at-the-good-guys-4298565803?position=4&pageNum=20&refId=ERzmLKlZHaRXztO%2BKplAuw%3D%3D&trackingId=XVA69M0cMiUAucpEOs9JVA%3D%3D
Investment Banking Analyst,Mercor,Australia,https://au.linkedin.com/jobs/view/investment-banking-analyst-at-mercor-4310557455?position=5&pageNum=20&refId=ERzmLKlZHaRXztO%2BKplAuw%3D%3D&trackingId=k55kf3ajhiKPeivgNpEwqw%3D%3D
Fraud Performance Analyst,Auto & General Australia,"Brisbane, Queensland, Australia",https://au.linkedin.com/jobs/view/fraud-performance-analyst-at-auto-general-australia-4304000027?position=6&pageNum=20&refId=ERzmLKlZHaRXztO%2BKplAuw%3D%3D&trackingId=mNt%2FhuGAL5fHgdmpfjLzew%3D%3D
Investment Analyst – Data & Risk,Hostplus,"Melbourne, Victoria, Australia",https://au.linkedin.com/jobs/view/investment-analyst-%E2%80%93-data-risk-at-hostplus-4309602466?position=7&pageNum=20&refId=ERzmLKlZHaRXztO%2BKplAuw%3D%3D&trackingId=q7J2DGpM%2BJ4amWsmgKYd7w%3D%3D
Security Analyst,CyberCX,"Melbourne, Victoria, Australia",https://au.linkedin.com/jobs/view/security-analyst-at-cybercx-4307867961?position=8&pageNum=20&refId=ERzmLKlZHaRXztO%2BKplAuw%3D%3D&trackingId=mfOuhZy5LYEr4UVr7iFLlg%3D%3D
Real Estate Property Analyst,Ray White Special Projects (QLD),"Brisbane City, Queensland, Australia",https://au.linkedin.com/jobs/view/real-estate-property-analyst-at-ray-white-special-projects-qld-4307972237?position=9&pageNum=20&refId=ERzmLKlZHaRXztO%2BKplAuw%3D%3D&trackingId=e2xsj8EzwRKuG8RqVRuqOg%3D%3D
Dealer Credit Analyst,Nissan Motor Corporation,"Mulgrave, Victoria, Australia",https://au.linkedin.com/jobs/view/dealer-credit-analyst-at-nissan-motor-corporation-4293768865?position=10&pageNum=20&refId=ERzmLKlZHaRXztO%2BKplAuw%3D%3D&trackingId=jc5%2F%2FtEP003gFuhpjsVpBw%3D%3D
Data Analyst (Research Associate - s51),Curtin University,"Perth, Western Australia, Australia",https://au.linkedin.com/jobs/view/data-analyst-research-associate-s51-at-curtin-university-4304110462?position=1&pageNum=22&refId=EBRvjuGckgk01p2tnK6Vsw%3D%3D&trackingId=kH%2BG%2B5YNyMcix7lX%2Bt3Y1A%3D%3D
Financial Analyst,Mercor,Australia,https://au.linkedin.com/jobs/view/financial-analyst-at-mercor-4310568277?position=2&pageNum=22&refId=EBRvjuGckgk01p2tnK6Vsw%3D%3D&trackingId=iRbtQ%2FxYMPXcAjyizKTjZA%3D%3D
Business Analyst With Banking Payment,XPT Software Australia,"Sydney, New South Wales, Australia",https://au.linkedin.com/jobs/view/business-analyst-with-banking-payment-at-xpt-software-australia-4309100273?position=3&pageNum=22&refId=EBRvjuGckgk01p2tnK6Vsw%3D%3D&trackingId=JZNbAPycfO0o5%2B%2FlSqNq5Q%3D%3D
Senior Analyst Pattern Planning & Rostering,Qantas,"Sydney, New South Wales, Australia",https://au.linkedin.com/jobs/view/senior-analyst-pattern-planning-rostering-at-qantas-4307851095?position=4&pageNum=22&refId=EBRvjuGckgk01p2tnK6Vsw%3D%3D&trackingId=btGViArMt7XfMlP3bdgahg%3D%3D
Test Analyst,Vectiq,"Canberra, Australian Capital Territory, Australia",https://au.linkedin.com/jobs/view/test-analyst-at-vectiq-4296591602?position=5&pageNum=22&refId=EBRvjuGckgk01p2tnK6Vsw%3D%3D&trackingId=4CquPDvcAh8raVEdl3uDtQ%3D%3D
Associate,Saikal-Skea Independent Financial Advice,"Canberra, Australian Capital Territory, Australia",https://au.linkedin.com/jobs/view/associate-at-saikal-skea-independent-financial-advice-4303396147?position=6&pageNum=22&refId=EBRvjuGckgk01p2tnK6Vsw%3D%3D&trackingId=t4fAhHNlqCLaAau2OgdeOg%3D%3D
Finance Analyst - Retail,Lovisa Pty Ltd,"Hawthorn, Victoria, Australia",https://au.linkedin.com/jobs/view/finance-analyst-retail-at-lovisa-pty-ltd-4299599749?position=7&pageNum=22&refId=EBRvjuGckgk01p2tnK6Vsw%3D%3D&trackingId=MoBHVM4gNZttY7cLUMT7GQ%3D%3D
Business Analyst 运营分析师(2026届校招）,FinVolution,"Sydney, New South Wales, Australia",https://au.linkedin.com/jobs/view/business-analyst-%E8%BF%90%E8%90%A5%E5%88%86%E6%9E%90%E5%B8%88-2026%E5%B1%8A%E6%A0%A1%E6%8B%9B%EF%BC%89-at-finvolution-4295779819?position=8&pageNum=22&refId=EBRvjuGckgk01p2tnK6Vsw%3D%3D&trackingId=dLTyNrtyF5CXEcHj%2Fr5OyA%3D%3D
Associate Authentication Analyst,DigiCert,"Melbourne, Victoria, Australia",https://au.linkedin.com/jobs/view/associate-authentication-analyst-at-digicert-4229649834?position=9&pageNum=22&refId=EBRvjuGckgk01p2tnK6Vsw%3D%3D&trackingId=NB1vLjcPe%2FeqQuYQvm%2BmsQ%3D%3D
Performance Analyst,BAE Systems Australia,"Osborne, South Australia, Australia",https://au.linkedin.com/jobs/view/performance-analyst-at-bae-systems-australia-4309355569?position=10&pageNum=22&refId=EBRvjuGckgk01p2tnK6Vsw%3D%3D&trackingId=mEy1mGu2WRXi2b0ePK2sIQ%3D%3D
Digital Marketing Analyst,EatClub,"Sydney, New South Wales, Australia",https://au.linkedin.com/jobs/view/digital-marketing-analyst-at-eatclub-4296890616?position=1&pageNum=25&refId=gMcpXqghAntT%2FN2a975BaA%3D%3D&trackingId=o7DQgq8Wa%2BbQkdROSsN3tw%3D%3D
Service Desk Analyst,North Star Partners,"Melbourne, Victoria, Australia",https://au.linkedin.com/jobs/view/service-desk-analyst-at-north-star-partners-4307951647?position=2&pageNum=25&refId=gMcpXqghAntT%2FN2a975BaA%3D%3D&trackingId=VXsZNISa9xCAlYrLZIniFw%3D%3D
"Commercial Analyst - Melbourne, Vic",Tetra Tech,"Melbourne, Victoria, Australia",https://au.linkedin.com/jobs/view/commercial-analyst-melbourne-vic-at-tetra-tech-4292921518?position=3&pageNum=25&refId=gMcpXqghAntT%2FN2a975BaA%3D%3D&trackingId=mvtVDV3ECMWDUA%2Bo7qg2%2Bw%3D%3D
Financial Analyst,Mercor,Australia,https://au.linkedin.com/jobs/view/financial-analyst-at-mercor-4310549685?position=4&pageNum=25&refId=gMcpXqghAntT%2FN2a975BaA%3D%3D&trackingId=62AmfTN1Q4JThY5oxcZigA%3D%3D
Finance Analyst,Telstra,"Melbourne, Victoria, Australia",https://au.linkedin.com/jobs/view/finance-analyst-at-telstra-4306980982?position=5&pageNum=25&refId=gMcpXqghAntT%2FN2a975BaA%3D%3D&trackingId=z9g2WQzyj%2BywOWqoTcqU6A%3D%3D
Financial Analyst,Aware Super,"Sydney, New South Wales, Australia",https://au.linkedin.com/jobs/view/financial-analyst-at-aware-super-4300620690?position=6&pageNum=25&refId=gMcpXqghAntT%2FN2a975BaA%3D%3D&trackingId=%2B34NmebP9pM2oKyeJ9oewg%3D%3D
Business Analyst – Treasury,Macquarie Group,"Sydney, New South Wales, Australia",https://au.linkedin.com/jobs/view/business-analyst-%E2%80%93-treasury-at-macquarie-group-4290773691?position=7&pageNum=25&refId=gMcpXqghAntT%2FN2a975BaA%3D%3D&trackingId=aH5IzRxAMnxOOwg1mgjNag%3D%3D
Equity/Macro Analyst,Susquehanna International Group,"Sydney, New South Wales, Australia",https://au.linkedin.com/jobs/view/equity-macro-analyst-at-susquehanna-international-group-4002865987?position=8&pageNum=25&refId=gMcpXqghAntT%2FN2a975BaA%3D%3D&trackingId=LX5S9uKry2yfrvmWnWknEw%3D%3D
Sustainability Analyst,RightShip,"Melbourne, Victoria, Australia",https://au.linkedin.com/jobs/view/sustainability-analyst-at-rightship-4307873807?position=9&pageNum=25&refId=gMcpXqghAntT%2FN2a975BaA%3D%3D&trackingId=1jjqtT2BjyoL5%2FhMIElvWA%3D%3D
"Analyst, Finance, I+E",SMEC,"Melbourne, Victoria, Australia",https://au.linkedin.com/jobs/view/analyst-finance-i%2Be-at-smec-4310103925?position=1&pageNum=27&refId=j2nGRY5Ob%2BURQ5JNBbXwxg%3D%3D&trackingId=Wl7%2B6q%2FfH5XTsifOUtcbrg%3D%3D
Commercial Analyst,Toll Group,"Melbourne, Victoria, Australia",https://au.linkedin.com/jobs/view/commercial-analyst-at-toll-group-4305537765?position=2&pageNum=27&refId=j2nGRY5Ob%2BURQ5JNBbXwxg%3D%3D&trackingId=28iAkWtIvdzpccBS4ByqIQ%3D%3D
Data Analyst - Treasury,Macquarie Group,"Sydney, New South Wales, Australia",https://au.linkedin.com/jobs/view/data-analyst-treasury-at-macquarie-group-4293660685?position=3&pageNum=27&refId=j2nGRY5Ob%2BURQ5JNBbXwxg%3D%3D&trackingId=4ldBRimUB0flXOgdrsC4cQ%3D%3D
Enterprise Data Analyst,RAA,"Adelaide, South Australia, Australia",https://au.linkedin.com/jobs/view/enterprise-data-analyst-at-raa-4308643110?position=4&pageNum=27&refId=j2nGRY5Ob%2BURQ5JNBbXwxg%3D%3D&trackingId=TSjXcwlGnZIHFqD1UczcTw%3D%3D
"Analyst, Captial Markets - Logistics & Industrial",Cushman & Wakefield,"Melbourne, Victoria, Australia",https://au.linkedin.com/jobs/view/analyst-captial-markets-logistics-industrial-at-cushman-wakefield-4305174292?position=5&pageNum=27&refId=j2nGRY5Ob%2BURQ5JNBbXwxg%3D%3D&trackingId=5eiLhqEuFuHz%2Fg0tMSBwbw%3D%3D
SOC Analyst | Mid-Sized Financial Services Firm,Robert Half,"Sydney, New South Wales, Australia",https://au.linkedin.com/jobs/view/soc-analyst-mid-sized-financial-services-firm-at-robert-half-4306340043?position=6&pageNum=27&refId=j2nGRY5Ob%2BURQ5JNBbXwxg%3D%3D&trackingId=Bn7vB7zxl5xtvkzn%2BfOGwA%3D%3D
Lead Associate - Operations,WNS,"Sutherland, New South Wales, Australia",https://au.linkedin.com/jobs/view/lead-associate-operations-at-wns-3851289352?position=7&pageNum=27&refId=j2nGRY5Ob%2BURQ5JNBbXwxg%3D%3D&trackingId=SPs%2BK8tG7oreclSuf9WLyA%3D%3D
Business Analyst,Kaluza,"Melbourne, Victoria, Australia",https://au.linkedin.com/jobs/view/business-analyst-at-kaluza-4267412379?position=8&pageNum=27&refId=j2nGRY5Ob%2BURQ5JNBbXwxg%3D%3D&trackingId=AIiMe8FViw1pQAIzG%2FeJ5Q%3D%3D
"Analyst, Finance, I+E",SMEC,"Sydney, New South Wales, Australia",https://au.linkedin.com/jobs/view/analyst-finance-i%2Be-at-smec-4310106812?position=9&pageNum=27&refId=j2nGRY5Ob%2BURQ5JNBbXwxg%3D%3D&trackingId=EXTF9WBDWEDTwl%2B2RFtSvQ%3D%3D
"Analyst, Strategic Projects, PPE",Allens,"Sydney, New South Wales, Australia",https://au.linkedin.com/jobs/view/analyst-strategic-projects-ppe-at-allens-4251129011?position=10&pageNum=27&refId=j2nGRY5Ob%2BURQ5JNBbXwxg%3D%3D&trackingId=lrLpYMpUyb2rolPowBshVA%3D%3D
FinCrime Analyst - Australia,Revolut,Australia,https://au.linkedin.com/jobs/view/fincrime-analyst-australia-at-revolut-4304032681?position=1&pageNum=30&refId=7%2FkJ8P2okL8bOdnTZHHCFw%3D%3D&trackingId=M58Hc0sO87DSPtjMQ7T2FA%3D%3D
Graduate Operations Analyst: 2027,Susquehanna International Group,"Sydney, New South Wales, Australia",https://au.linkedin.com/jobs/view/graduate-operations-analyst-2027-at-susquehanna-international-group-4283006907?position=2&pageNum=30&refId=7%2FkJ8P2okL8bOdnTZHHCFw%3D%3D&trackingId=%2BsKcIVDdWiNwxwjMbrH5gg%3D%3D
Analyst/Senior Analyst - Market Risk,Macquarie Group,"Sydney, New South Wales, Australia",https://au.linkedin.com/jobs/view/analyst-senior-analyst-market-risk-at-macquarie-group-4289679153?position=3&pageNum=30&refId=7%2FkJ8P2okL8bOdnTZHHCFw%3D%3D&trackingId=0M%2ByhEByIgNTYGvh3upW0Q%3D%3D
Pricing Analyst,Bendigo Advertiser,"Bar Beach, New South Wales, Australia",https://au.linkedin.com/jobs/view/pricing-analyst-at-bendigo-advertiser-4305408262?position=4&pageNum=30&refId=7%2FkJ8P2okL8bOdnTZHHCFw%3D%3D&trackingId=AeMvsxVcW2m1frj4pAI%2BsA%3D%3D
Service Desk Analyst,Michael Page,"Perth, Western Australia, Australia",https://au.linkedin.com/jobs/view/service-desk-analyst-at-michael-page-4305849894?position=5&pageNum=30&refId=7%2FkJ8P2okL8bOdnTZHHCFw%3D%3D&trackingId=aK1Yv4BNwQ1aCUE6mTExLQ%3D%3D
SAP Test Analyst,Hays,"Hobart, Tasmania, Australia",https://au.linkedin.com/jobs/view/sap-test-analyst-at-hays-4306667692?position=6&pageNum=30&refId=7%2FkJ8P2okL8bOdnTZHHCFw%3D%3D&trackingId=bcn4Mh1zIlATgcXxUJKENg%3D%3D
ServiceNow Business Analyst,Vectiq,"Canberra, Australian Capital Territory, Australia",https://au.linkedin.com/jobs/view/servicenow-business-analyst-at-vectiq-4298821066?position=7&pageNum=30&refId=7%2FkJ8P2okL8bOdnTZHHCFw%3D%3D&trackingId=NYH0ihz9Ig22GYL%2F2IvTUQ%3D%3D
Procurement Analyst,Nutrien Ag Solutions - Australia,"Docklands, Victoria, Australia",https://au.linkedin.com/jobs/view/procurement-analyst-at-nutrien-ag-solutions-australia-4307839328?position=8&pageNum=30&refId=7%2FkJ8P2okL8bOdnTZHHCFw%3D%3D&trackingId=5d%2FyLJJR1qTnftTKkqF7iA%3D%3D
Intelligence Case Analyst,Procare Group,"Melbourne, Victoria, Australia",https://au.linkedin.com/jobs/view/intelligence-case-analyst-at-procare-group-4304422915?position=9&pageNum=30&refId=7%2FkJ8P2okL8bOdnTZHHCFw%3D%3D&trackingId=V1vw4Iv8I6rj%2Fcgcc8%2BNAg%3D%3D
Data Analyst,News Corp Australia,"Surry Hills, New South Wales, Australia",https://au.linkedin.com/jobs/view/data-analyst-at-news-corp-australia-4299793471?position=10&pageNum=30&refId=7%2FkJ8P2okL8bOdnTZHHCFw%3D%3D&trackingId=SF6qN%2BoadOL2miIkUchPKA%3D%3D
Product Operations Analyst,Teachers Mutual Bank Limited,"Sydney, New South Wales, Australia",https://au.linkedin.com/jobs/view/product-operations-analyst-at-teachers-mutual-bank-limited-4304848844?position=1&pageNum=32&refId=2OoRu07kzpo%2BGPsKZ3Ym7A%3D%3D&trackingId=0JahcdEtHn68MtAkN%2B63kA%3D%3D
Graduate Operations Analyst: 2026,Susquehanna International Group,"Sydney, New South Wales, Australia",https://au.linkedin.com/jobs/view/graduate-operations-analyst-2026-at-susquehanna-international-group-4099376966?position=2&pageNum=32&refId=2OoRu07kzpo%2BGPsKZ3Ym7A%3D%3D&trackingId=lyPf342u6emPJpAjIh3Dkg%3D%3D
Finance Analyst,Downer,"Melbourne, Victoria, Australia",https://au.linkedin.com/jobs/view/finance-analyst-at-downer-4299493217?position=3&pageNum=32&refId=2OoRu07kzpo%2BGPsKZ3Ym7A%3D%3D&trackingId=X%2BHUEWPgGtHma5zOd1AnUg%3D%3D
Financial Analyst,Mercor,Australia,https://au.linkedin.com/jobs/view/financial-analyst-at-mercor-4310553605?position=4&pageNum=32&refId=2OoRu07kzpo%2BGPsKZ3Ym7A%3D%3D&trackingId=8B5XDxpemhZjFOJs6Q68IQ%3D%3D
"Finance Analyst, Global Infrastructure + Energy",SMEC,"Brisbane, Queensland, Australia",https://au.linkedin.com/jobs/view/finance-analyst-global-infrastructure-%2B-energy-at-smec-4299107115?position=5&pageNum=32&refId=2OoRu07kzpo%2BGPsKZ3Ym7A%3D%3D&trackingId=0YBSISanoNFfNW2GBe%2F9IA%3D%3D
Application Support Analyst,The Reject Shop,"Victoria, Australia",https://au.linkedin.com/jobs/view/application-support-analyst-at-the-reject-shop-4295537505?position=6&pageNum=32&refId=2OoRu07kzpo%2BGPsKZ3Ym7A%3D%3D&trackingId=bUQ%2FaFadJjkFFKbxI6Zqhw%3D%3D
"Analyst, Finance, I+E",SMEC,"Brisbane, Queensland, Australia",https://au.linkedin.com/jobs/view/analyst-finance-i%2Be-at-smec-4310110743?position=7&pageNum=32&refId=2OoRu07kzpo%2BGPsKZ3Ym7A%3D%3D&trackingId=kJgEJ61ycYlCuFJ%2FSZl%2FRQ%3D%3D
Account Manager Associate (Graduate/Entry level),Rockwell Automation,"Brisbane, Queensland, Australia",https://au.linkedin.com/jobs/view/account-manager-associate-graduate-entry-level-at-rockwell-automation-4300848038?position=8&pageNum=32&refId=2OoRu07kzpo%2BGPsKZ3Ym7A%3D%3D&trackingId=4NPSRBFREBrelT1X2kC9LQ%3D%3D
Service Improvement Analyst,University of Melbourne,"Melbourne, Victoria, Australia",https://au.linkedin.com/jobs/view/service-improvement-analyst-at-university-of-melbourne-4305698673?position=9&pageNum=32&refId=2OoRu07kzpo%2BGPsKZ3Ym7A%3D%3D&trackingId=X7DAQHYKztfnwFwqVGRrkw%3D%3D
Risk and QA Analyst,Bendigo Advertiser,"Bar Beach, New South Wales, Australia",https://au.linkedin.com/jobs/view/risk-and-qa-analyst-at-bendigo-advertiser-4306025028?position=10&pageNum=32&refId=2OoRu07kzpo%2BGPsKZ3Ym7A%3D%3D&trackingId=HIieOQK4WuuzE%2BUFQrrwOA%3D%3D
"Relationship Management Analyst, Markets Distribution",ASX,"Sydney, New South Wales, Australia",https://au.linkedin.com/jobs/view/relationship-management-analyst-markets-distribution-at-asx-4285091805?position=1&pageNum=35&refId=exP2lbY2%2BUGWizzGQOGGvg%3D%3D&trackingId=hdbKjSnw3ZzyfkL4xIE1hg%3D%3D
IT GRC Analyst,Compare the Market Australia,"Brisbane City, Queensland, Australia",https://au.linkedin.com/jobs/view/it-grc-analyst-at-compare-the-market-australia-4296722544?position=2&pageNum=35&refId=exP2lbY2%2BUGWizzGQOGGvg%3D%3D&trackingId=B3X216Kjgu5TFb1ffy1UvA%3D%3D
Community Health Informatics Analyst,NSW Health,Greater Sydney Area,https://au.linkedin.com/jobs/view/community-health-informatics-analyst-at-nsw-health-4303744758?position=3&pageNum=35&refId=exP2lbY2%2BUGWizzGQOGGvg%3D%3D&trackingId=TsoZXiBr%2Bg%2FPCPW49crTsw%3D%3D
Intelligence Officer,"Department of Justice and Community Safety, Victoria","Melbourne, Victoria, Australia",https://au.linkedin.com/jobs/view/intelligence-officer-at-department-of-justice-and-community-safety-victoria-4299735780?position=4&pageNum=35&refId=exP2lbY2%2BUGWizzGQOGGvg%3D%3D&trackingId=D3TLqDcmLU6JBY9UDumE9Q%3D%3D
Sustainability Analyst,Cushman & Wakefield,"Sydney, New South Wales, Australia",https://au.linkedin.com/jobs/view/sustainability-analyst-at-cushman-wakefield-4302263438?position=5&pageNum=35&refId=exP2lbY2%2BUGWizzGQOGGvg%3D%3D&trackingId=8DqOiewuSIWCBOEeKrjOcg%3D%3D
Credit Analyst,Bridgit,"Sydney, New South Wales, Australia",https://au.linkedin.com/jobs/view/credit-analyst-at-bridgit-4289424532?position=6&pageNum=35&refId=exP2lbY2%2BUGWizzGQOGGvg%3D%3D&trackingId=MPbFNSP3xv66vfn5E3U1UQ%3D%3D
Pricing Analyst,Boral,"Sydney, New South Wales, Australia",https://au.linkedin.com/jobs/view/pricing-analyst-at-boral-4302889944?position=7&pageNum=35&refId=exP2lbY2%2BUGWizzGQOGGvg%3D%3D&trackingId=Bks7okM10sbMhR59PL4Wcg%3D%3D
Systems Analyst,Workwear Group,"Port Melbourne, Victoria, Australia",https://au.linkedin.com/jobs/view/systems-analyst-at-workwear-group-4286619224?position=8&pageNum=35&refId=exP2lbY2%2BUGWizzGQOGGvg%3D%3D&trackingId=ibD%2F3VIqzPDyWuquhtzEQA%3D%3D
Service Desk Analyst,NSW Police Force,"Parramatta, New South Wales, Australia",https://au.linkedin.com/jobs/view/service-desk-analyst-at-nsw-police-force-4308529975?position=9&pageNum=35&refId=exP2lbY2%2BUGWizzGQOGGvg%3D%3D&trackingId=LBiMUmsfS9aaJjdXCm7PdA%3D%3D
Insurance Analyst,Mercor,Australia,https://au.linkedin.com/jobs/view/insurance-analyst-at-mercor-4300162115?position=10&pageNum=35&refId=exP2lbY2%2BUGWizzGQOGGvg%3D%3D&trackingId=BgxF%2B5O2lHlCk8UDLWX5FA%3D%3D
SEO Analyst,FlowerAura,"Lucknow, Victoria, Australia",https://au.linkedin.com/jobs/view/seo-analyst-at-floweraura-4256087190?position=1&pageNum=37&refId=MBuyxJmFW%2FFfjOu9WBRvPQ%3D%3D&trackingId=TyV8t9GyUqhuZA5UmcSo6w%3D%3D
Investment Analyst,Scape Australia,"Sydney, New South Wales, Australia",https://au.linkedin.com/jobs/view/investment-analyst-at-scape-australia-4285086020?position=2&pageNum=37&refId=MBuyxJmFW%2FFfjOu9WBRvPQ%3D%3D&trackingId=skVnNiT0us9v1NAvn9kkgQ%3D%3D
Sales Associate - Full-Time,Foot Locker,"Canberra, Australian Capital Territory, Australia",https://au.linkedin.com/jobs/view/sales-associate-full-time-at-foot-locker-4281799368?position=3&pageNum=37&refId=MBuyxJmFW%2FFfjOu9WBRvPQ%3D%3D&trackingId=avmpzly39L%2BaxUkS8z6qSg%3D%3D
"Analyst, Operational Risk Management",MUFG,Greater Sydney Area,https://au.linkedin.com/jobs/view/analyst-operational-risk-management-at-mufg-4291228864?position=4&pageNum=37&refId=MBuyxJmFW%2FFfjOu9WBRvPQ%3D%3D&trackingId=ihDEAh7Y%2Fhiix0p0YGaRHg%3D%3D
Business Development Associate,sensen.ai,"Melbourne, Victoria, Australia",https://au.linkedin.com/jobs/view/business-development-associate-at-sensen-ai-4288108549?position=5&pageNum=37&refId=MBuyxJmFW%2FFfjOu9WBRvPQ%3D%3D&trackingId=P2L67NlrIVrR%2FdZxdrU7rg%3D%3D
Treasury Trader,Convera,"Sydney, New South Wales, Australia",https://au.linkedin.com/jobs/view/treasury-trader-at-convera-4292900397?position=6&pageNum=37&refId=MBuyxJmFW%2FFfjOu9WBRvPQ%3D%3D&trackingId=U6ToQ2UCZTShXshiL%2FFfnw%3D%3D
Clinical Research Associate I (MJ000021),Tigermed,"Sydney, New South Wales, Australia",https://au.linkedin.com/jobs/view/clinical-research-associate-i-mj000021-at-tigermed-4281535001?position=7&pageNum=37&refId=MBuyxJmFW%2FFfjOu9WBRvPQ%3D%3D&trackingId=VSlZLLJjhwowYDdc7tZ34Q%3D%3D
Policy and Business Analyst - Barton Deakin,Burson,"Sydney, New South Wales, Australia",https://au.linkedin.com/jobs/view/policy-and-business-analyst-barton-deakin-at-burson-4265975285?position=8&pageNum=37&refId=MBuyxJmFW%2FFfjOu9WBRvPQ%3D%3D&trackingId=3YfD1cKQCPED6vUVpDBn4A%3D%3D
Commercial Analyst for Australian Power Trading,MFT Energy,"Noosa, Queensland, Australia",https://au.linkedin.com/jobs/view/commercial-analyst-for-australian-power-trading-at-mft-energy-4220113490?position=9&pageNum=37&refId=MBuyxJmFW%2FFfjOu9WBRvPQ%3D%3D&trackingId=XHW7tlIakUpmceQKto%2FYHw%3D%3D
Regulatory Compliance Analyst,Corpay,"Sydney, New South Wales, Australia",https://au.linkedin.com/jobs/view/regulatory-compliance-analyst-at-corpay-4304604659?position=10&pageNum=37&refId=MBuyxJmFW%2FFfjOu9WBRvPQ%3D%3D&trackingId=XqkoWn9lrq9ttuVmCp%2Bpzw%3D%3D
L1 Help Desk Analyst,Elysium Digital,"Cairns, Queensland, Australia",https://au.linkedin.com/jobs/view/l1-help-desk-analyst-at-elysium-digital-4307155997?position=1&pageNum=40&refId=xkJYcnU%2FOR7xt%2B9f%2FC8nyA%3D%3D&trackingId=fJP0L%2B57XRKyfex7CevtFQ%3D%3D
Experienced Analyst | External Audit - Global & Private | Sydney CBD,Deloitte,"Sydney, New South Wales, Australia",https://au.linkedin.com/jobs/view/experienced-analyst-external-audit-global-private-sydney-cbd-at-deloitte-4306453191?position=2&pageNum=40&refId=xkJYcnU%2FOR7xt%2B9f%2FC8nyA%3D%3D&trackingId=jRLqzMKWXsBqAO22SzU%2BYA%3D%3D
Application Support Analyst,Akkodis,"Brisbane, Queensland, Australia",https://au.linkedin.com/jobs/view/application-support-analyst-at-akkodis-4304360622?position=3&pageNum=40&refId=xkJYcnU%2FOR7xt%2B9f%2FC8nyA%3D%3D&trackingId=y26yw%2BnQjAsCdux0E0tm2g%3D%3D
Test Analyst,Harvey Norman,"Homebush, New South Wales, Australia",https://au.linkedin.com/jobs/view/test-analyst-at-harvey-norman-4295879535?position=4&pageNum=40&refId=xkJYcnU%2FOR7xt%2B9f%2FC8nyA%3D%3D&trackingId=6aYNp1xI9qokWmuBCA4r%2FQ%3D%3D
"Analyst, Category Development",Energizer Holdings,"Sydney Olympic Park, New South Wales, Australia",https://au.linkedin.com/jobs/view/analyst-category-development-at-energizer-holdings-4307238504?position=5&pageNum=40&refId=xkJYcnU%2FOR7xt%2B9f%2FC8nyA%3D%3D&trackingId=6KWn1GHcbjHb2EP6hvlSEQ%3D%3D
Inventory Analyst: Fish & Water,Spotlight Retail Group (SRG),"Melbourne, Victoria, Australia",https://au.linkedin.com/jobs/view/inventory-analyst-fish-water-at-spotlight-retail-group-srg-4296082559?position=6&pageNum=40&refId=xkJYcnU%2FOR7xt%2B9f%2FC8nyA%3D%3D&trackingId=W757IPJwzWohZIFrmXP%2Bsw%3D%3D
Systems Analyst,Infios,"Melbourne, Victoria, Australia",https://au.linkedin.com/jobs/view/systems-analyst-at-infios-4304055062?position=7&pageNum=40&refId=xkJYcnU%2FOR7xt%2B9f%2FC8nyA%3D%3D&trackingId=PzQdDhUpyI6x24jTEE2X3A%3D%3D
Analyst/Experienced Analyst | Financial Services | Regulatory Audit | Melbourne & Sydney,Deloitte,"Sydney, New South Wales, Australia",https://au.linkedin.com/jobs/view/analyst-experienced-analyst-financial-services-regulatory-audit-melbourne-sydney-at-deloitte-4306458002?position=8&pageNum=40&refId=xkJYcnU%2FOR7xt%2B9f%2FC8nyA%3D%3D&trackingId=9zdQYrl9BUOBnHftDYwNpA%3D%3D
Risk and QA Analyst,Tesco Insurance and Money Services,"Newcastle, New South Wales, Australia",https://au.linkedin.com/jobs/view/risk-and-qa-analyst-at-tesco-insurance-and-money-services-4304871683?position=9&pageNum=40&refId=xkJYcnU%2FOR7xt%2B9f%2FC8nyA%3D%3D&trackingId=Px8zjVlFyZ3U%2BBikIrt2pA%3D%3D
Policy and Business Analyst - Barton Deakin,Burson,"Melbourne, Victoria, Australia",https://au.linkedin.com/jobs/view/policy-and-business-analyst-barton-deakin-at-burson-4265975284?position=10&pageNum=40&refId=xkJYcnU%2FOR7xt%2B9f%2FC8nyA%3D%3D&trackingId=QQ%2F9PsCe4CUzE7UuCQKH4A%3D%3D
IT End User Support Analyst,Slater and Gordon Lawyers,"Sydney, New South Wales, Australia",https://au.linkedin.com/jobs/view/it-end-user-support-analyst-at-slater-and-gordon-lawyers-4302126295?position=1&pageNum=42&refId=WcsnePTr%2FUjGngHd0XNjxg%3D%3D&trackingId=okDEqa9UTX%2BbtU5MjlCU4A%3D%3D
Demand & Supply Planner/ Analyst,Bellroy,"Collingwood, Victoria, Australia",https://au.linkedin.com/jobs/view/demand-supply-planner-analyst-at-bellroy-4307298828?position=2&pageNum=42&refId=WcsnePTr%2FUjGngHd0XNjxg%3D%3D&trackingId=c%2Fu8WRaQof85dE2ZU0qIIA%3D%3D
Research Analyst (Economics & Property),Urbis,"Melbourne, Victoria, Australia",https://au.linkedin.com/jobs/view/research-analyst-economics-property-at-urbis-4310105745?position=3&pageNum=42&refId=WcsnePTr%2FUjGngHd0XNjxg%3D%3D&trackingId=6yUFLHrpqzpgtL9rEnxeEA%3D%3D
Business Systems Analyst - TechnologyOne,Talent,"Brisbane, Queensland, Australia",https://au.linkedin.com/jobs/view/business-systems-analyst-technologyone-at-talent-4305872279?position=4&pageNum=42&refId=WcsnePTr%2FUjGngHd0XNjxg%3D%3D&trackingId=3M5wIUa7umcTlJmUrosscw%3D%3D
Finance Analyst,NSW Department of Communities and Justice,"Sydney, New South Wales, Australia",https://au.linkedin.com/jobs/view/finance-analyst-at-nsw-department-of-communities-and-justice-4305863020?position=5&pageNum=42&refId=WcsnePTr%2FUjGngHd0XNjxg%3D%3D&trackingId=5MgN4cIUUsvjpmzIH7Zktg%3D%3D
Graduate Macro Analyst: 2027,Susquehanna International Group,"Sydney, New South Wales, Australia",https://au.linkedin.com/jobs/view/graduate-macro-analyst-2027-at-susquehanna-international-group-4287378791?position=6&pageNum=42&refId=WcsnePTr%2FUjGngHd0XNjxg%3D%3D&trackingId=uea6DW11glpRN5DlNxJMAQ%3D%3D
Systems Analyst,Infios,"Sydney, New South Wales, Australia",https://au.linkedin.com/jobs/view/systems-analyst-at-infios-4304052150?position=7&pageNum=42&refId=WcsnePTr%2FUjGngHd0XNjxg%3D%3D&trackingId=s93dglew13ulvndIM%2BEAsQ%3D%3D
Dealing Associate,Computershare Australia,"Melbourne, Victoria, Australia",https://au.linkedin.com/jobs/view/dealing-associate-at-computershare-australia-4301112901?position=8&pageNum=42&refId=WcsnePTr%2FUjGngHd0XNjxg%3D%3D&trackingId=AQKxACTn0U%2FVFkTSxgS%2B%2FQ%3D%3D
Operations Analyst - Trade Processing,StoneX Group Inc.,"Sydney, New South Wales, Australia",https://au.linkedin.com/jobs/view/operations-analyst-trade-processing-at-stonex-group-inc-4303452710?position=9&pageNum=42&refId=WcsnePTr%2FUjGngHd0XNjxg%3D%3D&trackingId=qzkkhkXK%2B279jd%2Bn%2FRwPBw%3D%3D
Business Development Associate,BoardOutlook,"Melbourne, Victoria, Australia",https://au.linkedin.com/jobs/view/business-development-associate-at-boardoutlook-4301617250?position=10&pageNum=42&refId=WcsnePTr%2FUjGngHd0XNjxg%3D%3D&trackingId=HTA%2FjWpdWExS0WaGM9pctA%3D%3D
Data Engineer and Analyst - Oracle HCM,XPT Software Australia,"Carlton, Victoria, Australia",https://au.linkedin.com/jobs/view/data-engineer-and-analyst-oracle-hcm-at-xpt-software-australia-4302125027?position=1&pageNum=45&refId=EvS6hN6Ey6pwydkzvCasqA%3D%3D&trackingId=yV3S0OZ6yDnh3yyKw4A25Q%3D%3D
Analyst - Private Tax and Advisory - Melbourne,Deloitte,"Melbourne, Victoria, Australia",https://au.linkedin.com/jobs/view/analyst-private-tax-and-advisory-melbourne-at-deloitte-4306453185?position=2&pageNum=45&refId=EvS6hN6Ey6pwydkzvCasqA%3D%3D&trackingId=NMuoMdbqLCShXFrIaaJvqA%3D%3D
Control and Assurance Analyst,RAC WA,"Perth, Western Australia, Australia",https://au.linkedin.com/jobs/view/control-and-assurance-analyst-at-rac-wa-4295691860?position=3&pageNum=45&refId=EvS6hN6Ey6pwydkzvCasqA%3D%3D&trackingId=QsLqKWZOAjwQ0gyZRHIGlw%3D%3D
Retail Operations Process Improvement Specialist,Energy Bay,"Melbourne, Victoria, Australia",https://au.linkedin.com/jobs/view/retail-operations-process-improvement-specialist-at-energy-bay-4265996992?position=4&pageNum=45&refId=EvS6hN6Ey6pwydkzvCasqA%3D%3D&trackingId=QWlXSitAI018f4umRtKGuw%3D%3D
Falcon Complete Analyst Graduate,CrowdStrike,Greater Sydney Area,https://au.linkedin.com/jobs/view/falcon-complete-analyst-graduate-at-crowdstrike-4302615759?position=5&pageNum=45&refId=EvS6hN6Ey6pwydkzvCasqA%3D%3D&trackingId=hn2ORkVki3PURX1LYfIu%2Bg%3D%3D
Investment Analyst - Real Estate Private Credit - Newcastle,Bendigo Advertiser,"Bar Beach, New South Wales, Australia",https://au.linkedin.com/jobs/view/investment-analyst-real-estate-private-credit-newcastle-at-bendigo-advertiser-4305539276?position=6&pageNum=45&refId=EvS6hN6Ey6pwydkzvCasqA%3D%3D&trackingId=akqir4hNmYylzMsQaqY62g%3D%3D
Finance Transformation Analyst,BDO in Australia,"Brisbane, Queensland, Australia",https://au.linkedin.com/jobs/view/finance-transformation-analyst-at-bdo-in-australia-4286251812?position=7&pageNum=45&refId=EvS6hN6Ey6pwydkzvCasqA%3D%3D&trackingId=dSoYiDwdeDKV0s4eOfh4sw%3D%3D
Lead Business Analyst,Societe Generale,"Bangalore, New South Wales, Australia",https://au.linkedin.com/jobs/view/lead-business-analyst-at-societe-generale-4306614299?position=8&pageNum=45&refId=EvS6hN6Ey6pwydkzvCasqA%3D%3D&trackingId=589F23i8GnDX9W2%2F2I9TbA%3D%3D
Sales Associate,Foot Locker,"Preston, Victoria, Australia",https://au.linkedin.com/jobs/view/sales-associate-at-foot-locker-4281796159?position=9&pageNum=45&refId=EvS6hN6Ey6pwydkzvCasqA%3D%3D&trackingId=L68alQFdP%2BZ3eMJxoOkTmg%3D%3D
"Senior Analyst, Valuations (Unlisted Assets)",AustralianSuper,"Sydney, New South Wales, Australia",https://au.linkedin.com/jobs/view/senior-analyst-valuations-unlisted-assets-at-australiansuper-4307967327?position=10&pageNum=45&refId=EvS6hN6Ey6pwydkzvCasqA%3D%3D&trackingId=5S6H7Aq8fOCQQ5v5OKFk6Q%3D%3D
Foreign Exchange Analyst （MANDARIN and English）,Hatch,"New South Wales, Australia",https://au.linkedin.com/jobs/view/foreign-exchange-analyst-%EF%BC%88mandarin-and-english%EF%BC%89-at-hatch-4248520493?position=1&pageNum=47&refId=KWWaoNIsQh9cflbg%2FU%2Bz6A%3D%3D&trackingId=6PAsQ2Mk2KK2rrAlhevH2w%3D%3D
Falcon Complete Analyst Graduate,CrowdStrike,"Melbourne, Victoria, Australia",https://au.linkedin.com/jobs/view/falcon-complete-analyst-graduate-at-crowdstrike-4302627576?position=2&pageNum=47&refId=KWWaoNIsQh9cflbg%2FU%2Bz6A%3D%3D&trackingId=iF4lvFe%2Fe5sPxSJ19Y0g5Q%3D%3D
"Data Analyst (Bangkok Based, relocation provided)",Agoda,"Sydney, New South Wales, Australia",https://au.linkedin.com/jobs/view/data-analyst-bangkok-based-relocation-provided-at-agoda-4299767560?position=3&pageNum=47&refId=KWWaoNIsQh9cflbg%2FU%2Bz6A%3D%3D&trackingId=wt3tws01k3FQTk9vWYNzrQ%3D%3D
"Technology Analyst/Graduate (Testers, Developers, Designers) – Early Careers",Accenture Australia,"Melbourne, Victoria, Australia",https://au.linkedin.com/jobs/view/technology-analyst-graduate-testers-developers-designers-%E2%80%93-early-careers-at-accenture-australia-4304040374?position=4&pageNum=47&refId=KWWaoNIsQh9cflbg%2FU%2Bz6A%3D%3D&trackingId=rI1OpkGiuXGqpQOtmz8LBA%3D%3D
Audit Support Analyst,Resolution Life,"Sydney, New South Wales, Australia",https://au.linkedin.com/jobs/view/audit-support-analyst-at-resolution-life-4306150849?position=5&pageNum=47&refId=KWWaoNIsQh9cflbg%2FU%2Bz6A%3D%3D&trackingId=n4sukdTJrBuS4S1cV90P%2Bw%3D%3D
"Analyst, Credit Management",MUFG,"Melbourne, Victoria, Australia",https://au.linkedin.com/jobs/view/analyst-credit-management-at-mufg-4301131488?position=6&pageNum=47&refId=KWWaoNIsQh9cflbg%2FU%2Bz6A%3D%3D&trackingId=rUOftmJMeEafvaUN7j0WpQ%3D%3D
Business Development Associate,Suresh Narlapati,Australia,https://au.linkedin.com/jobs/view/business-development-associate-at-suresh-narlapati-4306983762?position=7&pageNum=47&refId=KWWaoNIsQh9cflbg%2FU%2Bz6A%3D%3D&trackingId=7W5Z%2ByuYbySHGjUxLh0%2FVg%3D%3D
Personal Banker Associate I,Fifth Third Bank,"Willoughby, New South Wales, Australia",https://au.linkedin.com/jobs/view/personal-banker-associate-i-at-fifth-third-bank-4289518528?position=8&pageNum=47&refId=KWWaoNIsQh9cflbg%2FU%2Bz6A%3D%3D&trackingId=P426J5NCWVOWB%2FgiZmOD7w%3D%3D
Macro Analyst Internship: November 2026,Susquehanna International Group,"Sydney, New South Wales, Australia",https://au.linkedin.com/jobs/view/macro-analyst-internship-november-2026-at-susquehanna-international-group-4287380785?position=9&pageNum=47&refId=KWWaoNIsQh9cflbg%2FU%2Bz6A%3D%3D&trackingId=XWQV6SSjZk5v2Pz%2FpSbUfg%3D%3D
Security Compliance Analyst,Uniting Vic.Tas,"Melbourne, Victoria, Australia",https://au.linkedin.com/jobs/view/security-compliance-analyst-at-uniting-vic-tas-4302891950?position=10&pageNum=47&refId=KWWaoNIsQh9cflbg%2FU%2Bz6A%3D%3D&trackingId=WqAbEJ%2Fa2qurBK81YUIAfg%3D%3D
Level 2 Application Support Analyst,RLDatix,"Melbourne, Victoria, Australia",https://au.linkedin.com/jobs/view/level-2-application-support-analyst-at-rldatix-4302959423?position=1&pageNum=50&refId=897hHR26ZeChMvON2j%2FFBg%3D%3D&trackingId=grnb0l6yV%2BvXzBPkK8HKbQ%3D%3D
Treasury Analyst - Banking,Lactalis Australia,"Brisbane, Queensland, Australia",https://au.linkedin.com/jobs/view/treasury-analyst-banking-at-lactalis-australia-4305291833?position=2&pageNum=50&refId=897hHR26ZeChMvON2j%2FFBg%3D%3D&trackingId=8%2Bbq%2FgR1XTfusCbsyt1Nug%3D%3D
Infrastructure Analyst,Technology CII,"Leederville, Western Australia, Australia",https://au.linkedin.com/jobs/view/infrastructure-analyst-at-technology-cii-4299309116?position=3&pageNum=50&refId=897hHR26ZeChMvON2j%2FFBg%3D%3D&trackingId=hc8EcVw9RNfVOcfr2REUyA%3D%3D
Associate Growth Manager,Luxury Escapes,"Sydney, New South Wales, Australia",https://au.linkedin.com/jobs/view/associate-growth-manager-at-luxury-escapes-4294412595?position=4&pageNum=50&refId=897hHR26ZeChMvON2j%2FFBg%3D%3D&trackingId=QVoPQmDHgmKRB8Cvvm8B3A%3D%3D
"Data Analyst (Bangkok Based, relocation provided)",Agoda,"Melbourne, Victoria, Australia",https://au.linkedin.com/jobs/view/data-analyst-bangkok-based-relocation-provided-at-agoda-4299761904?position=5&pageNum=50&refId=897hHR26ZeChMvON2j%2FFBg%3D%3D&trackingId=A0DVxae82xvue9FOb3x46w%3D%3D
Client Relationship Consultant,Illawarra Mercury,"Coniston, New South Wales, Australia",https://au.linkedin.com/jobs/view/client-relationship-consultant-at-illawarra-mercury-4306864613?position=6&pageNum=50&refId=897hHR26ZeChMvON2j%2FFBg%3D%3D&trackingId=LV22JkK7%2B%2BnpcRubpDRfoA%3D%3D
Motor Product Analyst,Auto & General Australia,"Brisbane, Queensland, Australia",https://au.linkedin.com/jobs/view/motor-product-analyst-at-auto-general-australia-4305444304?position=7&pageNum=50&refId=897hHR26ZeChMvON2j%2FFBg%3D%3D&trackingId=Uj6G05%2BfLBDl%2BG8BLNM1hQ%3D%3D
Experienced Analyst | External Audit - Global & Private Markets | Western Sydney,Deloitte,"Sydney, New South Wales, Australia",https://au.linkedin.com/jobs/view/experienced-analyst-external-audit-global-private-markets-western-sydney-at-deloitte-4306455152?position=8&pageNum=50&refId=897hHR26ZeChMvON2j%2FFBg%3D%3D&trackingId=lsmBs0EnKfuUnuSpQLsyXw%3D%3D
Service Desk Analyst,Dreamworld and SkyPoint,"Coomera, Queensland, Australia",https://au.linkedin.com/jobs/view/service-desk-analyst-at-dreamworld-and-skypoint-4304368731?position=9&pageNum=50&refId=897hHR26ZeChMvON2j%2FFBg%3D%3D&trackingId=%2FmxXtk2fqQNOMhrcN9TD%2FA%3D%3D
Change Analyst,Talent,"Perth, Western Australia, Australia",https://au.linkedin.com/jobs/view/change-analyst-at-talent-4298573853?position=10&pageNum=50&refId=897hHR26ZeChMvON2j%2FFBg%3D%3D&trackingId=aCCGJOuxmmwEo02suyq4mA%3D%3D
Finance Supply Chain Analyst - AGS & AU Warehous,SunRice Group,"Leeton, New South Wales, Australia",https://au.linkedin.com/jobs/view/finance-supply-chain-analyst-ags-au-warehous-at-sunrice-group-4251698309?position=1&pageNum=52&refId=EZWxhiP3bi70C3rupXPl6A%3D%3D&trackingId=EzjnItEO%2BD%2B543odPxZ56g%3D%3D
Transfer Pricing Analyst | Brisbane,Deloitte,"Brisbane, Queensland, Australia",https://au.linkedin.com/jobs/view/transfer-pricing-analyst-brisbane-at-deloitte-4303778600?position=2&pageNum=52&refId=EZWxhiP3bi70C3rupXPl6A%3D%3D&trackingId=NLJ%2FyvqG%2Bj78BRh7Wr9k0Q%3D%3D
Financial Planning & Accounting Analyst,Raytheon Australia,"Mawson Lakes, South Australia, Australia",https://au.linkedin.com/jobs/view/financial-planning-accounting-analyst-at-raytheon-australia-4291257464?position=3&pageNum=52&refId=EZWxhiP3bi70C3rupXPl6A%3D%3D&trackingId=fxa6GXrpZ7SP9f8HrSwJVg%3D%3D
Incident Analyst,"Department of Justice and Community Safety, Victoria","Melbourne, Victoria, Australia",https://au.linkedin.com/jobs/view/incident-analyst-at-department-of-justice-and-community-safety-victoria-4302898906?position=4&pageNum=52&refId=EZWxhiP3bi70C3rupXPl6A%3D%3D&trackingId=tpoWdh%2FnUafxHQTjZKBbOQ%3D%3D
"Analyst, Compliance and Operational Oversight",Commonwealth Superannuation Corporation,"Canberra, Australian Capital Territory, Australia",https://au.linkedin.com/jobs/view/analyst-compliance-and-operational-oversight-at-commonwealth-superannuation-corporation-4304613566?position=5&pageNum=52&refId=EZWxhiP3bi70C3rupXPl6A%3D%3D&trackingId=noxTI1VhVMnQtJPA0%2F64pw%3D%3D
Property & Development Analyst,UnitingCare Queensland,"Brisbane, Queensland, Australia",https://au.linkedin.com/jobs/view/property-development-analyst-at-unitingcare-queensland-4304215704?position=6&pageNum=52&refId=EZWxhiP3bi70C3rupXPl6A%3D%3D&trackingId=%2B8PxNgizYwRK9Ips59x1lw%3D%3D
Associate Dispenser,OPSM,"Strathpine, Queensland, Australia",https://au.linkedin.com/jobs/view/associate-dispenser-at-opsm-4278488535?position=7&pageNum=52&refId=EZWxhiP3bi70C3rupXPl6A%3D%3D&trackingId=VifuMVnQHyOJAJ%2FXgHDdDg%3D%3D
Data Governance Analyst,Wesfarmers Health,"Docklands, Victoria, Australia",https://au.linkedin.com/jobs/view/data-governance-analyst-at-wesfarmers-health-4307603594?position=8&pageNum=52&refId=EZWxhiP3bi70C3rupXPl6A%3D%3D&trackingId=FRtjACVGGx09ee0mOaji3Q%3D%3D
Corporate Insurance Analyst,Adbri,"Adelaide, South Australia, Australia",https://au.linkedin.com/jobs/view/corporate-insurance-analyst-at-adbri-4286380441?position=9&pageNum=52&refId=EZWxhiP3bi70C3rupXPl6A%3D%3D&trackingId=ntrMZBIcxrw873gmLEa4GA%3D%3D
Security Intelligence Analyst - Temporary Opportunity up to 24 Months,Transport for NSW,"Sydney, New South Wales, Australia",https://au.linkedin.com/jobs/view/security-intelligence-analyst-temporary-opportunity-up-to-24-months-at-transport-for-nsw-4308131685?position=10&pageNum=52&refId=EZWxhiP3bi70C3rupXPl6A%3D%3D&trackingId=X6V1a7pyjaZ6FKavKFeASg%3D%3D
Allocation Analyst,Forever New Clothing,"Richmond, Victoria, Australia",https://au.linkedin.com/jobs/view/allocation-analyst-at-forever-new-clothing-4252642959?position=1&pageNum=55&refId=9TE6ytIYbCBtKK2hWkY8wQ%3D%3D&trackingId=Pt6ao5xOMCRY%2BjZAokQqcw%3D%3D
"Analyst, APS4/5 (EA2025/197)",ACCC,"Adelaide, South Australia, Australia",https://au.linkedin.com/jobs/view/analyst-aps4-5-ea2025-197-at-accc-4307253865?position=2&pageNum=55&refId=9TE6ytIYbCBtKK2hWkY8wQ%3D%3D&trackingId=le2M4Pvu9Vrx6YIWh3ybOQ%3D%3D
Consultant – Transfer Pricing,KPMG Australia,"Perth, Western Australia, Australia",https://au.linkedin.com/jobs/view/consultant-%E2%80%93-transfer-pricing-at-kpmg-australia-4305901712?position=3&pageNum=55&refId=9TE6ytIYbCBtKK2hWkY8wQ%3D%3D&trackingId=kA%2BH5JY%2B5SOG4sLfcns8zQ%3D%3D
EOI: L1 Service Desk Analyst (no exp required),DXC Technology,"Adelaide, South Australia, Australia",https://au.linkedin.com/jobs/view/eoi-l1-service-desk-analyst-no-exp-required-at-dxc-technology-4289787602?position=4&pageNum=55&refId=9TE6ytIYbCBtKK2hWkY8wQ%3D%3D&trackingId=MRJBpcpCoO108VDwEWzOQA%3D%3D
Associate,Knight Frank Australia,"Sydney, New South Wales, Australia",https://au.linkedin.com/jobs/view/associate-at-knight-frank-australia-4301640831?position=5&pageNum=55&refId=9TE6ytIYbCBtKK2hWkY8wQ%3D%3D&trackingId=8Op18j%2BFGoQ7A1LhQiHG4Q%3D%3D
Sales Associate,Foot Locker,"Modbury, South Australia, Australia",https://au.linkedin.com/jobs/view/sales-associate-at-foot-locker-4281791542?position=6&pageNum=55&refId=9TE6ytIYbCBtKK2hWkY8wQ%3D%3D&trackingId=lZHDprpUtTBFCReJt0niew%3D%3D
Compliance Analyst - Control Room,Macquarie Group,"Sydney, New South Wales, Australia",https://au.linkedin.com/jobs/view/compliance-analyst-control-room-at-macquarie-group-4292735568?position=7&pageNum=55&refId=9TE6ytIYbCBtKK2hWkY8wQ%3D%3D&trackingId=ObGPAtWxk8dL18iHsnYypg%3D%3D
"Analyst, Corporate Loans Administration (12-month fixed term contract)",MUFG,Greater Sydney Area,https://au.linkedin.com/jobs/view/analyst-corporate-loans-administration-12-month-fixed-term-contract-at-mufg-4305310683?position=8&pageNum=55&refId=9TE6ytIYbCBtKK2hWkY8wQ%3D%3D&trackingId=eeraxFOZp6uD6c4hogujKQ%3D%3D
Software Engineer Analyst,DataAnnotation,Australia,https://au.linkedin.com/jobs/view/software-engineer-analyst-at-dataannotation-4304450016?position=9&pageNum=55&refId=9TE6ytIYbCBtKK2hWkY8wQ%3D%3D&trackingId=39lBpL6PYWDYX%2F%2FbtUbdww%3D%3D
Sales Associate,Foot Locker,"Dandenong, Victoria, Australia",https://au.linkedin.com/jobs/view/sales-associate-at-foot-locker-4281793818?position=10&pageNum=55&refId=9TE6ytIYbCBtKK2hWkY8wQ%3D%3D&trackingId=bKMD%2BADBgL5YaSewgkdk7A%3D%3D
Project Controls Analyst,Leidos Australia,"Canberra, Australian Capital Territory, Australia",https://au.linkedin.com/jobs/view/project-controls-analyst-at-leidos-australia-4305964801?position=1&pageNum=57&refId=ifE1PmLuJtNe%2FcUReZErtQ%3D%3D&trackingId=wgL3aRM7%2BL5C13aBbQXqxw%3D%3D
Power BI Developer,UnitingCare Queensland,"Middle Ridge, Queensland, Australia",https://au.linkedin.com/jobs/view/power-bi-developer-at-unitingcare-queensland-4306966118?position=2&pageNum=57&refId=ifE1PmLuJtNe%2FcUReZErtQ%3D%3D&trackingId=AWi4aCsTaY4SRnBWpmWkKA%3D%3D
"Analyst, APS4/5 (EA2025/197)",ACCC,"Melbourne, Victoria, Australia",https://au.linkedin.com/jobs/view/analyst-aps4-5-ea2025-197-at-accc-4307245933?position=3&pageNum=57&refId=ifE1PmLuJtNe%2FcUReZErtQ%3D%3D&trackingId=lx0sulacvf58w307CP32BA%3D%3D
Sales Associate,Foot Locker,"Ultimo, New South Wales, Australia",https://au.linkedin.com/jobs/view/sales-associate-at-foot-locker-4281788945?position=4&pageNum=57&refId=ifE1PmLuJtNe%2FcUReZErtQ%3D%3D&trackingId=ll6GXKaIANCeZbx%2B1D287g%3D%3D
"Analyst, APS4/5 (EA2025/197)",ACCC,"Canberra, Australian Capital Territory, Australia",https://au.linkedin.com/jobs/view/analyst-aps4-5-ea2025-197-at-accc-4307243910?position=5&pageNum=57&refId=ifE1PmLuJtNe%2FcUReZErtQ%3D%3D&trackingId=hRdVf%2BENnv2LLTXi96xT%2Fg%3D%3D
Fintech Sales Associate,Aussie,"Sydney, New South Wales, Australia",https://au.linkedin.com/jobs/view/fintech-sales-associate-at-aussie-3922528593?position=6&pageNum=57&refId=ifE1PmLuJtNe%2FcUReZErtQ%3D%3D&trackingId=oJZYdjxLFNlpXztsxJ5u6g%3D%3D
Research Assistant/Associate - Machine Learning,American Nano Society,"Newcastle, New South Wales, Australia",https://au.linkedin.com/jobs/view/research-assistant-associate-machine-learning-at-american-nano-society-4304406923?position=7&pageNum=57&refId=ifE1PmLuJtNe%2FcUReZErtQ%3D%3D&trackingId=I6vwRpr7g28mBuhhYbE0Wg%3D%3D
Associate Agent,Illawarra Mercury,"Coniston, New South Wales, Australia",https://au.linkedin.com/jobs/view/associate-agent-at-illawarra-mercury-4299720234?position=8&pageNum=57&refId=ifE1PmLuJtNe%2FcUReZErtQ%3D%3D&trackingId=yXtck4LL4nVSVVDmPEi2SQ%3D%3D
"Analyst, APS4/5 (EA2025/197)",ACCC,"Sydney, New South Wales, Australia",https://au.linkedin.com/jobs/view/analyst-aps4-5-ea2025-197-at-accc-4307246927?position=9&pageNum=57&refId=ifE1PmLuJtNe%2FcUReZErtQ%3D%3D&trackingId=HOiGKeVveNd6UdRaEabwIQ%3D%3D
Laboratory Analyst,Wilmar Sugar Australia Limited,"Sarina, Queensland, Australia",https://au.linkedin.com/jobs/view/laboratory-analyst-at-wilmar-sugar-australia-limited-4304628376?position=10&pageNum=57&refId=ifE1PmLuJtNe%2FcUReZErtQ%3D%3D&trackingId=bewjzItga5H0Kk%2F596g8SQ%3D%3D
Online Data Analysts in Australia - Remote,TELUS Digital AI Data Solutions,Gold Coast,https://au.linkedin.com/jobs/view/online-data-analysts-in-australia-remote-at-telus-digital-ai-data-solutions-4298726453?position=1&pageNum=60&refId=nvK3M6dvo0LRCGlJANgzXQ%3D%3D&trackingId=Nobchx%2BhJTGtOGjHKX61MQ%3D%3D
Finance Broker,lendlab,"Bundoora, Victoria, Australia",https://au.linkedin.com/jobs/view/finance-broker-at-lendlab-4301123600?position=2&pageNum=60&refId=nvK3M6dvo0LRCGlJANgzXQ%3D%3D&trackingId=Jg6fIkds5TbA3HgDB99Uiw%3D%3D
Account Manager (Automotive),3 Phase Marketing,"Chadstone, Victoria, Australia",https://au.linkedin.com/jobs/view/account-manager-automotive-at-3-phase-marketing-4304818876?position=3&pageNum=60&refId=nvK3M6dvo0LRCGlJANgzXQ%3D%3D&trackingId=4GTBFtOkoSB39sscpT7YLQ%3D%3D
Research Associate,University of Melbourne,"Melbourne, Victoria, Australia",https://au.linkedin.com/jobs/view/research-associate-at-university-of-melbourne-4309834262?position=4&pageNum=60&refId=nvK3M6dvo0LRCGlJANgzXQ%3D%3D&trackingId=LX9uoNHpmJctqJQkG9YDAw%3D%3D
Software Support Analyst,Leidos Australia,"Canberra, Australian Capital Territory, Australia",https://au.linkedin.com/jobs/view/software-support-analyst-at-leidos-australia-4308195763?position=5&pageNum=60&refId=nvK3M6dvo0LRCGlJANgzXQ%3D%3D&trackingId=50aDFgOChZbJz4Jx04DJDw%3D%3D
"Associate Data Analyst (New Graduate, Thai Speaking) (Bangkok Based)",Agoda,"Sydney, New South Wales, Australia",https://au.linkedin.com/jobs/view/associate-data-analyst-new-graduate-thai-speaking-bangkok-based-at-agoda-4299772407?position=6&pageNum=60&refId=nvK3M6dvo0LRCGlJANgzXQ%3D%3D&trackingId=a3WleV9hkqNQPGKsUYkEyA%3D%3D
QAD Analyst Programmer,De Bortoli Wines,"New South Wales, Australia",https://au.linkedin.com/jobs/view/qad-analyst-programmer-at-de-bortoli-wines-4300463221?position=7&pageNum=60&refId=nvK3M6dvo0LRCGlJANgzXQ%3D%3D&trackingId=xloRI6cURID98%2F%2FX2wf%2B6g%3D%3D
PMO Analyst - Open to ECU staff only,Edith Cowan University,"Joondalup, Western Australia, Australia",https://au.linkedin.com/jobs/view/pmo-analyst-open-to-ecu-staff-only-at-edith-cowan-university-4309322029?position=8&pageNum=60&refId=nvK3M6dvo0LRCGlJANgzXQ%3D%3D&trackingId=JqHWNG9qYLkgTML8mEe%2BUg%3D%3D
"Systems Support Analyst, hireful",Guardian Jobs,"Clapham, South Australia, Australia",https://au.linkedin.com/jobs/view/systems-support-analyst-hireful-at-guardian-jobs-4306016333?position=9&pageNum=60&refId=nvK3M6dvo0LRCGlJANgzXQ%3D%3D&trackingId=VmUWmis1Z2b%2FBU5MsCRQrQ%3D%3D
Associate to Deputy President Hartigan,Queensland Industrial Relations Commission,"Brisbane City, Queensland, Australia",https://au.linkedin.com/jobs/view/associate-to-deputy-president-hartigan-at-queensland-industrial-relations-commission-4303369966?position=10&pageNum=60&refId=nvK3M6dvo0LRCGlJANgzXQ%3D%3D&trackingId=qEHPTcOdvCVQmB7GEK3woA%3D%3D
Commercial Campaign Analyst,News Corp Australia,"Pyrmont, New South Wales, Australia",https://au.linkedin.com/jobs/view/commercial-campaign-analyst-at-news-corp-australia-4310134152?position=1&pageNum=62&refId=kBZ02b0u1QTvRcvknhBZhw%3D%3D&trackingId=VeRkE6PDjHXbQU6j%2FrP0fQ%3D%3D
Associate Solutions Engineer - APAC,DomainTools,Australia,https://au.linkedin.com/jobs/view/associate-solutions-engineer-apac-at-domaintools-4304128285?position=2&pageNum=62&refId=kBZ02b0u1QTvRcvknhBZhw%3D%3D&trackingId=BeITNzmCeAHYUJT4%2B%2FmK%2FQ%3D%3D
"Associate Data Analyst (New Graduate, Thai Speaking) (Bangkok Based)",Agoda,"Melbourne, Victoria, Australia",https://au.linkedin.com/jobs/view/associate-data-analyst-new-graduate-thai-speaking-bangkok-based-at-agoda-4299779194?position=3&pageNum=62&refId=kBZ02b0u1QTvRcvknhBZhw%3D%3D&trackingId=3Y92QI4DyxvxHkbj5JzfsA%3D%3D
Sales Associate - Full Time,Foot Locker,"Geelong, Victoria, Australia",https://au.linkedin.com/jobs/view/sales-associate-full-time-at-foot-locker-4281791935?position=4&pageNum=62&refId=kBZ02b0u1QTvRcvknhBZhw%3D%3D&trackingId=zmIgW%2FJ6OhNW9b3BC1zwcw%3D%3D
Online Data Analysts in Australia - Remote,TELUS Digital AI Data Solutions,"Adelaide, South Australia, Australia",https://au.linkedin.com/jobs/view/online-data-analysts-in-australia-remote-at-telus-digital-ai-data-solutions-4298736161?position=5&pageNum=62&refId=kBZ02b0u1QTvRcvknhBZhw%3D%3D&trackingId=p94%2Fywn7gZ%2F9HVc4RX8yTw%3D%3D
Online Data Analysts in Australia | Remote,TELUS Digital AI Data Solutions,Australia,https://au.linkedin.com/jobs/view/online-data-analysts-in-australia-remote-at-telus-digital-ai-data-solutions-4304661034?position=6&pageNum=62&refId=kBZ02b0u1QTvRcvknhBZhw%3D%3D&trackingId=RD5rg9i9PkmHDUF%2BVU9jjg%3D%3D
Quality Assurance Associate - Credit,Lumi,"Sydney, New South Wales, Australia",https://au.linkedin.com/jobs/view/quality-assurance-associate-credit-at-lumi-4306013486?position=7&pageNum=62&refId=kBZ02b0u1QTvRcvknhBZhw%3D%3D&trackingId=27tE%2F2%2BixsX4lSt1B0hfQg%3D%3D
Cloud FinOps Analyst - (Azure & GCP),Endeavour Group,"Surry Hills, New South Wales, Australia",https://au.linkedin.com/jobs/view/cloud-finops-analyst-azure-gcp-at-endeavour-group-4308996160?position=8&pageNum=62&refId=kBZ02b0u1QTvRcvknhBZhw%3D%3D&trackingId=b5ETL8hMVFghFk1Xon4qvA%3D%3D
EOI: L1 Network Operations Analyst,DXC Technology,"Adelaide, South Australia, Australia",https://au.linkedin.com/jobs/view/eoi-l1-network-operations-analyst-at-dxc-technology-4289789377?position=9&pageNum=62&refId=kBZ02b0u1QTvRcvknhBZhw%3D%3D&trackingId=lLGr%2F1rWwHkPMfGq8MPdtw%3D%3D
PAS Application Specialist/Product Analyst (Health Manager Lvl 3) - Digital Health - Temp FT,NSW Health,"Warwick Farm, New South Wales, Australia",https://au.linkedin.com/jobs/view/pas-application-specialist-product-analyst-health-manager-lvl-3-digital-health-temp-ft-at-nsw-health-4303752017?position=10&pageNum=62&refId=kBZ02b0u1QTvRcvknhBZhw%3D%3D&trackingId=ApTpUC10EbP4%2F3Wr6bWD6A%3D%3D
Online Data Analysts in Australia | Remote,TELUS Digital AI Data Solutions,"Sydney, New South Wales, Australia",https://au.linkedin.com/jobs/view/online-data-analysts-in-australia-remote-at-telus-digital-ai-data-solutions-4308198082?position=1&pageNum=65&refId=By85ty%2FEualdjl7qVYdGWw%3D%3D&trackingId=%2FFdic7UzZufYSvhoR2ydkw%3D%3D
Sales Associate,Foot Locker,"Midland, Western Australia, Australia",https://au.linkedin.com/jobs/view/sales-associate-at-foot-locker-4281789963?position=2&pageNum=65&refId=By85ty%2FEualdjl7qVYdGWw%3D%3D&trackingId=lq%2FYRfdRKZUpQkyrCkyt%2Fw%3D%3D
Online Data Analysts in Australia - Remote,TELUS Digital AI Data Solutions,"Perth, Western Australia, Australia",https://au.linkedin.com/jobs/view/online-data-analysts-in-australia-remote-at-telus-digital-ai-data-solutions-4298724657?position=3&pageNum=65&refId=By85ty%2FEualdjl7qVYdGWw%3D%3D&trackingId=WztczAN3%2BQeepKHqvAz%2FEQ%3D%3D
Associate Account Manager,efex,"Toowoomba, Queensland, Australia",https://au.linkedin.com/jobs/view/associate-account-manager-at-efex-4307386967?position=4&pageNum=65&refId=By85ty%2FEualdjl7qVYdGWw%3D%3D&trackingId=X7RYztktHUThckdkRnz1Wg%3D%3D
Treasury & Payments Associate,Heartland Bank Australia,"Sydney, New South Wales, Australia",https://au.linkedin.com/jobs/view/treasury-payments-associate-at-heartland-bank-australia-4305461027?position=5&pageNum=65&refId=By85ty%2FEualdjl7qVYdGWw%3D%3D&trackingId=7XsBAEZCfltKfoT3dKRXCg%3D%3D
Post-Doc Research Associate,University of North Carolina at Chapel Hill,"Chapel Hill, Victoria, Australia",https://au.linkedin.com/jobs/view/post-doc-research-associate-at-university-of-north-carolina-at-chapel-hill-4307324475?position=6&pageNum=65&refId=By85ty%2FEualdjl7qVYdGWw%3D%3D&trackingId=7oQb37YPrZ9JNO1o7HG3LA%3D%3D
Corporate & International Tax Analyst | Western Sydney,Deloitte,"Sydney, New South Wales, Australia",https://au.linkedin.com/jobs/view/corporate-international-tax-analyst-western-sydney-at-deloitte-4306438831?position=7&pageNum=65&refId=By85ty%2FEualdjl7qVYdGWw%3D%3D&trackingId=9UjHny%2FeF2LOPftzI2AdaA%3D%3D
Associate Account Manager,efex,"Wollongong, New South Wales, Australia",https://au.linkedin.com/jobs/view/associate-account-manager-at-efex-4307963290?position=8&pageNum=65&refId=By85ty%2FEualdjl7qVYdGWw%3D%3D&trackingId=Ml2M0hn8oVMBKwGK1Qdjcw%3D%3D
Finance Consultant - Fully Remote,Mercor,Australia,https://au.linkedin.com/jobs/view/finance-consultant-fully-remote-at-mercor-4300563381?position=9&pageNum=65&refId=By85ty%2FEualdjl7qVYdGWw%3D%3D&trackingId=JGT9KwawiBJ24HkcG6lE5g%3D%3D
Fund Operations Associate,Dexus,"Sydney, New South Wales, Australia",https://au.linkedin.com/jobs/view/fund-operations-associate-at-dexus-4301982807?position=10&pageNum=65&refId=By85ty%2FEualdjl7qVYdGWw%3D%3D&trackingId=zsOCf%2FyBxAsGaVZ5IQ1%2BnQ%3D%3D
Graduate or Early Career Consultant Statistician,Data Analysis Australia,"Perth, Western Australia, Australia",https://au.linkedin.com/jobs/view/graduate-or-early-career-consultant-statistician-at-data-analysis-australia-4301756582?position=1&pageNum=67&refId=vpSeiKDIrTwZBvUENz9GQQ%3D%3D&trackingId=ZLfxY8maEhvsJQwcwz9TWg%3D%3D
Sales Associate,Foot Locker,"Haymarket, New South Wales, Australia",https://au.linkedin.com/jobs/view/sales-associate-at-foot-locker-4281799028?position=2&pageNum=67&refId=vpSeiKDIrTwZBvUENz9GQQ%3D%3D&trackingId=dG0dU5J%2F9Et8R73ryryf1Q%3D%3D
Online Data Analyst - Fully Remote Position,TELUS Digital AI Data Solutions,"Albany, Western Australia, Australia",https://au.linkedin.com/jobs/view/online-data-analyst-fully-remote-position-at-telus-digital-ai-data-solutions-4303068355?position=3&pageNum=67&refId=vpSeiKDIrTwZBvUENz9GQQ%3D%3D&trackingId=M6S4Nr2fvrxPsiVhQ4to3Q%3D%3D
Processing Officer - Receivables/Treasury,"Uniting Church in Australia, Queensland Synod","Auchenflower, Queensland, Australia",https://au.linkedin.com/jobs/view/processing-officer-receivables-treasury-at-uniting-church-in-australia-queensland-synod-4308555372?position=4&pageNum=67&refId=vpSeiKDIrTwZBvUENz9GQQ%3D%3D&trackingId=w%2BXYpw0%2FDKHv4G5ncpgM1g%3D%3D
Ravenhall | Planning Analyst AM,DHL Supply Chain,"Victoria, Australia",https://au.linkedin.com/jobs/view/ravenhall-planning-analyst-am-at-dhl-supply-chain-4303745844?position=5&pageNum=67&refId=vpSeiKDIrTwZBvUENz9GQQ%3D%3D&trackingId=c3cDN91DQQd%2BEPqH3n0UhQ%3D%3D
Senior Associate,Vialto Partners,"Sydney, New South Wales, Australia",https://au.linkedin.com/jobs/view/senior-associate-at-vialto-partners-4297336663?position=6&pageNum=67&refId=vpSeiKDIrTwZBvUENz9GQQ%3D%3D&trackingId=0B6BtfKE%2BHp9dcGMUwfpog%3D%3D
Business Development Associate,Corpay,"Sydney, New South Wales, Australia",https://au.linkedin.com/jobs/view/business-development-associate-at-corpay-4189224187?position=7&pageNum=67&refId=vpSeiKDIrTwZBvUENz9GQQ%3D%3D&trackingId=AOX89MjRPnTqrPEph7qI0Q%3D%3D
"Analyst, Systems Planning (12-month fixed term contract)",MUFG,Greater Sydney Area,https://au.linkedin.com/jobs/view/analyst-systems-planning-12-month-fixed-term-contract-at-mufg-4297390008?position=8&pageNum=67&refId=vpSeiKDIrTwZBvUENz9GQQ%3D%3D&trackingId=4l5Cltnn5%2BL7%2BpgbLPh0bg%3D%3D
Sales Associate - Casual,Foot Locker,"Broadmeadows, Victoria, Australia",https://au.linkedin.com/jobs/view/sales-associate-casual-at-foot-locker-4281794319?position=9&pageNum=67&refId=vpSeiKDIrTwZBvUENz9GQQ%3D%3D&trackingId=25l66wjyuItzefn6X5JWNQ%3D%3D
Consultant - Cost Management & Claims,TBH,"Melbourne, Victoria, Australia",https://au.linkedin.com/jobs/view/consultant-cost-management-claims-at-tbh-4279208267?position=10&pageNum=67&refId=vpSeiKDIrTwZBvUENz9GQQ%3D%3D&trackingId=NS91Hc29lf6Dy%2F2DvVnyhQ%3D%3D
IT Systems Analyst - EAM,Kinetic,"Melbourne, Victoria, Australia",https://au.linkedin.com/jobs/view/it-systems-analyst-eam-at-kinetic-4310155373?position=1&pageNum=70&refId=DQTus0beiQG0xRYi3A8o2w%3D%3D&trackingId=Z8pE%2BDw8O6sBf8bfNSDKew%3D%3D
Trustee Analyst,Netwealth - See Wealth Differently (ASX:NWL),"Melbourne, Victoria, Australia",https://au.linkedin.com/jobs/view/trustee-analyst-at-netwealth-see-wealth-differently-asx-nwl-4304324994?position=2&pageNum=70&refId=DQTus0beiQG0xRYi3A8o2w%3D%3D&trackingId=DJACYh8gLFILdRdCGhHxOA%3D%3D
Planning Analyst – CR Menswear,Country Road Group,"Cremorne, Victoria, Australia",https://au.linkedin.com/jobs/view/planning-analyst-%E2%80%93-cr-menswear-at-country-road-group-4310113316?position=3&pageNum=70&refId=DQTus0beiQG0xRYi3A8o2w%3D%3D&trackingId=9euLLyhoYbLVXQ7U%2BcW%2FVQ%3D%3D
ICT Support and Systems Administration,South Australian Tourism Commission,"Adelaide, South Australia, Australia",https://au.linkedin.com/jobs/view/ict-support-and-systems-administration-at-south-australian-tourism-commission-4308293558?position=4&pageNum=70&refId=DQTus0beiQG0xRYi3A8o2w%3D%3D&trackingId=99BTeta0Id8qtSVP3xo6Aw%3D%3D
Associate Account Manager,efex,"Townsville, Queensland, Australia",https://au.linkedin.com/jobs/view/associate-account-manager-at-efex-4307396727?position=5&pageNum=70&refId=DQTus0beiQG0xRYi3A8o2w%3D%3D&trackingId=cth%2BNIm4k9p%2FQVfnsbGWMA%3D%3D
Online Data Analysts in Australia | Remote,TELUS Digital AI Data Solutions,"Brisbane, Queensland, Australia",https://au.linkedin.com/jobs/view/online-data-analysts-in-australia-remote-at-telus-digital-ai-data-solutions-4308183935?position=6&pageNum=70&refId=DQTus0beiQG0xRYi3A8o2w%3D%3D&trackingId=j9O1UBeH%2BrIDWEFwc4I5oQ%3D%3D
Regulatory Affairs Associate,Kenvue,"Sydney, New South Wales, Australia",https://au.linkedin.com/jobs/view/regulatory-affairs-associate-at-kenvue-4304514703?position=7&pageNum=70&refId=DQTus0beiQG0xRYi3A8o2w%3D%3D&trackingId=dzDgbZxQxPloiQOt38s9Ow%3D%3D
Graduate- Clinical Research Associate,Medtronic,"Macquarie Park, New South Wales, Australia",https://au.linkedin.com/jobs/view/graduate-clinical-research-associate-at-medtronic-4294576948?position=8&pageNum=70&refId=DQTus0beiQG0xRYi3A8o2w%3D%3D&trackingId=5YPOEmfuyi7u4nwH7Ya%2FDw%3D%3D
Sales Associate - Casual,Foot Locker,"Sydney, New South Wales, Australia",https://au.linkedin.com/jobs/view/sales-associate-casual-at-foot-locker-4281799329?position=9&pageNum=70&refId=DQTus0beiQG0xRYi3A8o2w%3D%3D&trackingId=FUnRX3U6NSulcGNcK6BKNQ%3D%3D
Graduate Channel Sales Associate - Academy,NetApp,"Melbourne, Victoria, Australia",https://au.linkedin.com/jobs/view/graduate-channel-sales-associate-academy-at-netapp-4302684056?position=10&pageNum=70&refId=DQTus0beiQG0xRYi3A8o2w%3D%3D&trackingId=3oRPp7vT8AwFoR%2FOXqfUuA%3D%3D
