,Job Title,Company Name,Location,Job Link
0,Supply Chain Analyst,Eaton,"Mascot, New South Wales, Australia",https://au.linkedin.com/jobs/view/supply-chain-analyst-at-eaton-4288556033?position=1&pageNum=0&refId=AfUmxd0Ftw1fA8VeqVYCvw%3D%3D&trackingId=YCcEx8W6jP0R9pedMIOjXA%3D%3D
1,Equity Research Analyst - Small Caps,Morgan Stanley,"Sydney, New South Wales, Australia",https://au.linkedin.com/jobs/view/equity-research-analyst-small-caps-at-morgan-stanley-4296894645?position=2&pageNum=0&refId=AfUmxd0Ftw1fA8VeqVYCvw%3D%3D&trackingId=uXvuWKic8V9cezW4ACgymQ%3D%3D
2,Data Analyst,Talentpath Recruitment,"Brisbane, Queensland, Australia",https://au.linkedin.com/jobs/view/data-analyst-at-talentpath-recruitment-4308405060?position=3&pageNum=0&refId=AfUmxd0Ftw1fA8VeqVYCvw%3D%3D&trackingId=txN1b37%2FWHrxNu5%2Bfu4%2Bvw%3D%3D
3,Junior Analyst (x2),Sunshine Coast Council,"Maroochydore, Queensland, Australia",https://au.linkedin.com/jobs/view/junior-analyst-x2-at-sunshine-coast-council-4309354637?position=4&pageNum=0&refId=AfUmxd0Ftw1fA8VeqVYCvw%3D%3D&trackingId=g0Id7HN%2BCMTt4QSwpw5xvA%3D%3D
4,Supply Chain Analyst,MYER,"Cairnlea, Victoria, Australia",https://au.linkedin.com/jobs/view/supply-chain-analyst-at-myer-4304841136?position=5&pageNum=0&refId=AfUmxd0Ftw1fA8VeqVYCvw%3D%3D&trackingId=ILEpsaM1PJyMhNHDXZUQlA%3D%3D
5,Commercial Analyst,Australian Vintage,"Balmain, New South Wales, Australia",https://au.linkedin.com/jobs/view/commercial-analyst-at-australian-vintage-4304845115?position=6&pageNum=0&refId=AfUmxd0Ftw1fA8VeqVYCvw%3D%3D&trackingId=m4qvI4wioBDQz9ElxASXgQ%3D%3D
6,Business Intelligence Analyst,Finsure,"Sydney, New South Wales, Australia",https://au.linkedin.com/jobs/view/business-intelligence-analyst-at-finsure-4300432052?position=7&pageNum=0&refId=AfUmxd0Ftw1fA8VeqVYCvw%3D%3D&trackingId=ul6TAbCOJ7uRZUAMv2DKtA%3D%3D
7,Graduate Analyst - Private Equity - Technology & Software - Growth Technology Fund,Collins Executive Recruitment,"Sydney, New South Wales, Australia",https://au.linkedin.com/jobs/view/graduate-analyst-private-equity-technology-software-growth-technology-fund-at-collins-executive-recruitment-4308892975?position=8&pageNum=0&refId=AfUmxd0Ftw1fA8VeqVYCvw%3D%3D&trackingId=%2B2FwlhKXecklwwd9MAuxEg%3D%3D
8,Investment Analyst,Waterhouse VC,"Sydney, New South Wales, Australia",https://au.linkedin.com/jobs/view/investment-analyst-at-waterhouse-vc-4301603878?position=9&pageNum=0&refId=AfUmxd0Ftw1fA8VeqVYCvw%3D%3D&trackingId=H9zrlw0oyPVM74qwDct0Wg%3D%3D
9,Junior Business Analyst,Hays,"Perth, Western Australia, Australia",https://au.linkedin.com/jobs/view/junior-business-analyst-at-hays-4305554196?position=10&pageNum=0&refId=AfUmxd0Ftw1fA8VeqVYCvw%3D%3D&trackingId=oDJ2rDyVHD6mYwNEC8H1gg%3D%3D
10,Business Analyst,dnata,"Mascot, New South Wales, Australia",https://au.linkedin.com/jobs/view/business-analyst-at-dnata-4265937330?position=11&pageNum=0&refId=AfUmxd0Ftw1fA8VeqVYCvw%3D%3D&trackingId=bX4DZLj%2FZNrfxb15R%2BFwDQ%3D%3D
11,Capital Raising Analyst,180 Markets,"Melbourne, Victoria, Australia",https://au.linkedin.com/jobs/view/capital-raising-analyst-at-180-markets-4299301261?position=12&pageNum=0&refId=AfUmxd0Ftw1fA8VeqVYCvw%3D%3D&trackingId=ZBONwL7tbaam9f%2BL1OX4uA%3D%3D
12,Media Search Analysts in Australia | Remote,Illawarra Mercury,"Coniston, New South Wales, Australia",https://au.linkedin.com/jobs/view/media-search-analysts-in-australia-remote-at-illawarra-mercury-4305954262?position=13&pageNum=0&refId=AfUmxd0Ftw1fA8VeqVYCvw%3D%3D&trackingId=BdyazYsbOw0lsgXWyxRDGQ%3D%3D
13,"Analyst, China, Climate Change Think Tank",InfluenceMap,"Canberra, Australian Capital Territory, Australia",https://au.linkedin.com/jobs/view/analyst-china-climate-change-think-tank-at-influencemap-4308944121?position=14&pageNum=0&refId=AfUmxd0Ftw1fA8VeqVYCvw%3D%3D&trackingId=erP69dx4CEFv3QYsJTfsqQ%3D%3D
14,Supply Chain Finance Analyst - ANZ,Hunter Douglas Australia,"Rydalmere, New South Wales, Australia",https://au.linkedin.com/jobs/view/supply-chain-finance-analyst-anz-at-hunter-douglas-australia-4300430548?position=15&pageNum=0&refId=AfUmxd0Ftw1fA8VeqVYCvw%3D%3D&trackingId=apfg559tfH7oSKHGFi6jTg%3D%3D
15,Fraud Analyst,Easygo,"Melbourne, Victoria, Australia",https://au.linkedin.com/jobs/view/fraud-analyst-at-easygo-4248652725?position=16&pageNum=0&refId=AfUmxd0Ftw1fA8VeqVYCvw%3D%3D&trackingId=7LNlpenrXcs7uptlh4IbVw%3D%3D
16,BI Business Intelligence Reporting Analyst - Tableau,Creative Activation,"Sydney, New South Wales, Australia",https://au.linkedin.com/jobs/view/bi-business-intelligence-reporting-analyst-tableau-at-creative-activation-4303725570?position=17&pageNum=0&refId=AfUmxd0Ftw1fA8VeqVYCvw%3D%3D&trackingId=YZaN6iJAEJHwSmXxULdqMA%3D%3D
17,Business Analyst,Gold Corporation - The Perth Mint,"East Perth, Western Australia, Australia",https://au.linkedin.com/jobs/view/business-analyst-at-gold-corporation-the-perth-mint-4307242378?position=18&pageNum=0&refId=AfUmxd0Ftw1fA8VeqVYCvw%3D%3D&trackingId=QU%2FDFrb96ng784igM3vnFQ%3D%3D
18,Analyst - Data Analytics,NAB,"Melbourne, Victoria, Australia",https://au.linkedin.com/jobs/view/analyst-data-analytics-at-nab-4307247315?position=19&pageNum=0&refId=AfUmxd0Ftw1fA8VeqVYCvw%3D%3D&trackingId=1aurD%2BooGiAHt1LgbrEGxw%3D%3D
19,Analyst - Data Analytics,NAB,"Sydney, New South Wales, Australia",https://au.linkedin.com/jobs/view/analyst-data-analytics-at-nab-4307233417?position=20&pageNum=0&refId=AfUmxd0Ftw1fA8VeqVYCvw%3D%3D&trackingId=%2B%2BtYeW43YqyhJbbYG82iOg%3D%3D
20,Analyst – Mergers & Acquisitions,Stockland,"Sydney, New South Wales, Australia",https://au.linkedin.com/jobs/view/analyst-%E2%80%93-mergers-acquisitions-at-stockland-4299073329?position=21&pageNum=0&refId=AfUmxd0Ftw1fA8VeqVYCvw%3D%3D&trackingId=vmaU3Wwv3YBHQsmrrVVkkw%3D%3D
21,AML Analyst,Experis Australia,"Sydney, New South Wales, Australia",https://au.linkedin.com/jobs/view/aml-analyst-at-experis-australia-4303434274?position=22&pageNum=0&refId=AfUmxd0Ftw1fA8VeqVYCvw%3D%3D&trackingId=zptFNtYLi2NtNFvmpTHUZg%3D%3D
22,Business Analyst Internship,Ace Talent Recruitment,"Melbourne, Victoria, Australia",https://au.linkedin.com/jobs/view/business-analyst-internship-at-ace-talent-recruitment-4305545842?position=23&pageNum=0&refId=AfUmxd0Ftw1fA8VeqVYCvw%3D%3D&trackingId=%2BpYf0nAamCnqO9%2Fkgk506A%3D%3D
23,Quality Analyst,Coca-Cola Europacific Partners,"Richlands, Queensland, Australia",https://au.linkedin.com/jobs/view/quality-analyst-at-coca-cola-europacific-partners-4308027024?position=24&pageNum=0&refId=AfUmxd0Ftw1fA8VeqVYCvw%3D%3D&trackingId=7LwtEM8k8KHYYwoAaY8O9w%3D%3D
24,Risk and Chargebacks Analyst,Nuvei,"Sydney, New South Wales, Australia",https://au.linkedin.com/jobs/view/risk-and-chargebacks-analyst-at-nuvei-4281506863?position=25&pageNum=0&refId=AfUmxd0Ftw1fA8VeqVYCvw%3D%3D&trackingId=XF5Zj%2Ft5A48aaFcslB%2F7zQ%3D%3D
25,Property Investment Analyst,Easygo,"Melbourne, Victoria, Australia",https://au.linkedin.com/jobs/view/property-investment-analyst-at-easygo-4260008121?position=26&pageNum=0&refId=AfUmxd0Ftw1fA8VeqVYCvw%3D%3D&trackingId=wkrrl8OdKUiFWienxuosVw%3D%3D
26,Service Desk Analyst,Atturra,"Millers Point, New South Wales, Australia",https://au.linkedin.com/jobs/view/service-desk-analyst-at-atturra-4295158385?position=27&pageNum=0&refId=AfUmxd0Ftw1fA8VeqVYCvw%3D%3D&trackingId=7Ju4GYKZbP0H7FB0kqCHZw%3D%3D
27,Revenue & Trade Management Analyst,Ferrero,"Sydney, New South Wales, Australia",https://au.linkedin.com/jobs/view/revenue-trade-management-analyst-at-ferrero-4300817709?position=28&pageNum=0&refId=AfUmxd0Ftw1fA8VeqVYCvw%3D%3D&trackingId=TXVsSbamYBeAceUKI4VCIQ%3D%3D
28,"Analyst, Debt Capital Markets – Global Investment Bank",East Partnership,"Sydney, New South Wales, Australia",https://au.linkedin.com/jobs/view/analyst-debt-capital-markets-%E2%80%93-global-investment-bank-at-east-partnership-4304323600?position=29&pageNum=0&refId=AfUmxd0Ftw1fA8VeqVYCvw%3D%3D&trackingId=5XOJuEMGaT03ZXoq7CqK7w%3D%3D
29,Business Analyst Consultant,Emergent Consulting,Australia,https://au.linkedin.com/jobs/view/business-analyst-consultant-at-emergent-consulting-4306699496?position=30&pageNum=0&refId=AfUmxd0Ftw1fA8VeqVYCvw%3D%3D&trackingId=wWC5N0Ibm0nJdr1%2B%2Bx3X%2Fg%3D%3D
30,Analyst - Data Analytics,NAB,"Canberra, Australian Capital Territory, Australia",https://au.linkedin.com/jobs/view/analyst-data-analytics-at-nab-4307232404?position=31&pageNum=0&refId=AfUmxd0Ftw1fA8VeqVYCvw%3D%3D&trackingId=1YOywLpphpBJOnRSUKnaig%3D%3D
31,Investment Analyst | Upto $130/hr Remote,Mercor,Australia,https://au.linkedin.com/jobs/view/investment-analyst-upto-%24130-hr-remote-at-mercor-4310554541?position=32&pageNum=0&refId=AfUmxd0Ftw1fA8VeqVYCvw%3D%3D&trackingId=1a8%2B1HMFayp4wcOhhidfTg%3D%3D
32,Junior Business Consultant,Success Tutoring,"Melbourne, Victoria, Australia",https://au.linkedin.com/jobs/view/junior-business-consultant-at-success-tutoring-4308188623?position=33&pageNum=0&refId=AfUmxd0Ftw1fA8VeqVYCvw%3D%3D&trackingId=hySo%2BrtVnInllaKpog6BlQ%3D%3D
33,Analyst - Data Analytics,NAB,"Brisbane, Queensland, Australia",https://au.linkedin.com/jobs/view/analyst-data-analytics-at-nab-4307247316?position=34&pageNum=0&refId=AfUmxd0Ftw1fA8VeqVYCvw%3D%3D&trackingId=cpEhp4TVuY8AWCpvpeFTOA%3D%3D
34,Business Process Analyst,Cognizant,Greater Sydney Area,https://au.linkedin.com/jobs/view/business-process-analyst-at-cognizant-4304518779?position=35&pageNum=0&refId=AfUmxd0Ftw1fA8VeqVYCvw%3D%3D&trackingId=x5NFeb8InUrDYjv9A7faag%3D%3D
35,Analyst - Leading Investment Bank -Exceptional Culture,KW Partners,"Sydney, New South Wales, Australia",https://au.linkedin.com/jobs/view/analyst-leading-investment-bank-exceptional-culture-at-kw-partners-4303120586?position=36&pageNum=0&refId=AfUmxd0Ftw1fA8VeqVYCvw%3D%3D&trackingId=uAmtD2sIY50iwGdbE6UJbg%3D%3D
36,"Research Analyst, Utilities, infrastructure, Energy & Sustainability",Morgan Stanley,"Sydney, New South Wales, Australia",https://au.linkedin.com/jobs/view/research-analyst-utilities-infrastructure-energy-sustainability-at-morgan-stanley-4303371058?position=37&pageNum=0&refId=AfUmxd0Ftw1fA8VeqVYCvw%3D%3D&trackingId=byOWjsbBXFWN1um3LOGIkg%3D%3D
37,Service Desk Analyst,Centorrino Technologies,Australia,https://au.linkedin.com/jobs/view/service-desk-analyst-at-centorrino-technologies-4299724676?position=38&pageNum=0&refId=AfUmxd0Ftw1fA8VeqVYCvw%3D%3D&trackingId=Fb%2Fa%2Bhita8E7lFoF3d8LNQ%3D%3D
38,Risk Analyst,Pacific International Insurance (AU/NZ),"Newcastle, New South Wales, Australia",https://au.linkedin.com/jobs/view/risk-analyst-at-pacific-international-insurance-au-nz-4303375744?position=39&pageNum=0&refId=AfUmxd0Ftw1fA8VeqVYCvw%3D%3D&trackingId=lPPwtDIebjvx7JUCQwwvWg%3D%3D
39,Analyst,ASIC,"Sydney, New South Wales, Australia",https://au.linkedin.com/jobs/view/analyst-at-asic-4305966289?position=40&pageNum=0&refId=AfUmxd0Ftw1fA8VeqVYCvw%3D%3D&trackingId=bwKjLMnGLEy7EvrC%2FqbSIw%3D%3D
40,Analyst - Data Analytics,NAB,"Adelaide, South Australia, Australia",https://au.linkedin.com/jobs/view/analyst-data-analytics-at-nab-4307243308?position=41&pageNum=0&refId=AfUmxd0Ftw1fA8VeqVYCvw%3D%3D&trackingId=0fruBKkUveM9Jf8SIWFuLw%3D%3D
41,Financial Analyst,Robert Half,"Melbourne, Victoria, Australia",https://au.linkedin.com/jobs/view/financial-analyst-at-robert-half-4306341433?position=42&pageNum=0&refId=AfUmxd0Ftw1fA8VeqVYCvw%3D%3D&trackingId=q0daNbBL%2BVsJMhOu%2BcTNjw%3D%3D
42,Analyst,ASIC,"Melbourne, Victoria, Australia",https://au.linkedin.com/jobs/view/analyst-at-asic-4305957536?position=43&pageNum=0&refId=AfUmxd0Ftw1fA8VeqVYCvw%3D%3D&trackingId=hGFG5zg5c9uTybP9MK51dg%3D%3D
43,Data Analyst,Easygo,"Melbourne, Victoria, Australia",https://au.linkedin.com/jobs/view/data-analyst-at-easygo-4292851087?position=44&pageNum=0&refId=AfUmxd0Ftw1fA8VeqVYCvw%3D%3D&trackingId=C7Kvo7P41av74E%2Bf2qPu2Q%3D%3D
44,Graduate Research Analyst,Canstar,"Brisbane City, Queensland, Australia",https://au.linkedin.com/jobs/view/graduate-research-analyst-at-canstar-4304111100?position=45&pageNum=0&refId=AfUmxd0Ftw1fA8VeqVYCvw%3D%3D&trackingId=1HgRZrOPeX4tMgJ6vMLiDA%3D%3D
45,Analyst - Data Analytics,NAB,"Darwin, Northern Territory, Australia",https://au.linkedin.com/jobs/view/analyst-data-analytics-at-nab-4307242280?position=46&pageNum=0&refId=AfUmxd0Ftw1fA8VeqVYCvw%3D%3D&trackingId=hRFJ%2FeVFUdI8hSPTT3T4Nw%3D%3D
46,Financial Analyst,Robert Half,"Melbourne, Victoria, Australia",https://au.linkedin.com/jobs/view/financial-analyst-at-robert-half-4306337914?position=47&pageNum=0&refId=AfUmxd0Ftw1fA8VeqVYCvw%3D%3D&trackingId=kPRQxp7SKffBsjV5jIwhLQ%3D%3D
47,Power BI Analyst,People First Bank,"Queensland, Australia",https://au.linkedin.com/jobs/view/power-bi-analyst-at-people-first-bank-4304505819?position=48&pageNum=0&refId=AfUmxd0Ftw1fA8VeqVYCvw%3D%3D&trackingId=Hm7RriKm2Tv3SiueitXplg%3D%3D
48,Analyst - Credit & Patron Banking,Crown Resorts,"Southbank, Victoria, Australia",https://au.linkedin.com/jobs/view/analyst-credit-patron-banking-at-crown-resorts-4305958741?position=49&pageNum=0&refId=AfUmxd0Ftw1fA8VeqVYCvw%3D%3D&trackingId=MMBYMWu2nXFFAUkSDIae7Q%3D%3D
49,Analyst,ASIC,"Hobart, Tasmania, Australia",https://au.linkedin.com/jobs/view/analyst-at-asic-4305955673?position=50&pageNum=0&refId=AfUmxd0Ftw1fA8VeqVYCvw%3D%3D&trackingId=%2Fa%2FdIxDJt%2BdG5UU4KiHwTA%3D%3D
50,Analyst - Data Analytics,NAB,"Perth, Western Australia, Australia",https://au.linkedin.com/jobs/view/analyst-data-analytics-at-nab-4307246281?position=51&pageNum=0&refId=AfUmxd0Ftw1fA8VeqVYCvw%3D%3D&trackingId=T3pyy8os2lOEKViXHfPQFw%3D%3D
51,Systems Support Analyst,Illawarra Mercury,"Coniston, New South Wales, Australia",https://au.linkedin.com/jobs/view/systems-support-analyst-at-illawarra-mercury-4303274403?position=52&pageNum=0&refId=AfUmxd0Ftw1fA8VeqVYCvw%3D%3D&trackingId=Wup%2FoVfZIv%2F8s0ZSEEoVLA%3D%3D
52,Analyst,ASIC,"Melbourne, Victoria, Australia",https://au.linkedin.com/jobs/view/analyst-at-asic-4305967247?position=53&pageNum=0&refId=AfUmxd0Ftw1fA8VeqVYCvw%3D%3D&trackingId=bHrVr3YAbzOxqz%2BVChBDpw%3D%3D
53,Data Analyst,Ventia,"North Sydney, New South Wales, Australia",https://au.linkedin.com/jobs/view/data-analyst-at-ventia-4307837360?position=54&pageNum=0&refId=AfUmxd0Ftw1fA8VeqVYCvw%3D%3D&trackingId=cCALS%2BzegFB3JOnEpjlwOg%3D%3D
54,Analyst,ASIC,"Perth, Western Australia, Australia",https://au.linkedin.com/jobs/view/analyst-at-asic-4305953730?position=55&pageNum=0&refId=AfUmxd0Ftw1fA8VeqVYCvw%3D%3D&trackingId=sB8aOLo%2FPiErF684ZxRz2g%3D%3D
55,Analyst - Data Analytics,NAB,"Tasmania, Australia",https://au.linkedin.com/jobs/view/analyst-data-analytics-at-nab-4307252248?position=56&pageNum=0&refId=AfUmxd0Ftw1fA8VeqVYCvw%3D%3D&trackingId=KhMPrSg9DDuncf1SQwNA2g%3D%3D
56,Analyst,ASIC,"Adelaide, South Australia, Australia",https://au.linkedin.com/jobs/view/analyst-at-asic-4305955676?position=57&pageNum=0&refId=AfUmxd0Ftw1fA8VeqVYCvw%3D%3D&trackingId=5YeeuOnjOdTGU8AQ8tOugA%3D%3D
57,Junior Business Consultant (Melbourne Based),Success Tutoring,"Melbourne, Victoria, Australia",https://au.linkedin.com/jobs/view/junior-business-consultant-melbourne-based-at-success-tutoring-4310128375?position=58&pageNum=0&refId=AfUmxd0Ftw1fA8VeqVYCvw%3D%3D&trackingId=O36QKdqCa64KyrZKJXU4uQ%3D%3D
58,Investment Analyst,ArborKnot,"Sydney, New South Wales, Australia",https://au.linkedin.com/jobs/view/investment-analyst-at-arborknot-4308575597?position=59&pageNum=0&refId=AfUmxd0Ftw1fA8VeqVYCvw%3D%3D&trackingId=%2FQZoM1mTIY4kFjVYq6UaAw%3D%3D
59,Cyber Security Analyst,Centorrino Technologies,"Perth, Western Australia, Australia",https://au.linkedin.com/jobs/view/cyber-security-analyst-at-centorrino-technologies-4305165547?position=60&pageNum=0&refId=AfUmxd0Ftw1fA8VeqVYCvw%3D%3D&trackingId=FQB4gjVO6FkRT2rCNqPWSw%3D%3D
60,Property Investment Analyst,Easygo,"Melbourne, Victoria, Australia",https://au.linkedin.com/jobs/view/property-investment-analyst-at-easygo-4260008121?position=1&pageNum=2&refId=5uBLuycqFXLtpLRPg6MrsQ%3D%3D&trackingId=7hTpAzgTcKxsAcpN5FB%2FlQ%3D%3D
61,Service Desk Analyst,Atturra,"Millers Point, New South Wales, Australia",https://au.linkedin.com/jobs/view/service-desk-analyst-at-atturra-4295158385?position=2&pageNum=2&refId=5uBLuycqFXLtpLRPg6MrsQ%3D%3D&trackingId=HqfOLK8CVrEFDMd4CQ63CQ%3D%3D
62,Revenue & Trade Management Analyst,Ferrero,"Sydney, New South Wales, Australia",https://au.linkedin.com/jobs/view/revenue-trade-management-analyst-at-ferrero-4300817709?position=3&pageNum=2&refId=5uBLuycqFXLtpLRPg6MrsQ%3D%3D&trackingId=f6QPyESuZtmCPlNwBuD7fg%3D%3D
63,"Analyst, Debt Capital Markets – Global Investment Bank",East Partnership,"Sydney, New South Wales, Australia",https://au.linkedin.com/jobs/view/analyst-debt-capital-markets-%E2%80%93-global-investment-bank-at-east-partnership-4304323600?position=4&pageNum=2&refId=5uBLuycqFXLtpLRPg6MrsQ%3D%3D&trackingId=tyBHZZP0PQ3zooKdyzZ64Q%3D%3D
64,Business Analyst Consultant,Emergent Consulting,Australia,https://au.linkedin.com/jobs/view/business-analyst-consultant-at-emergent-consulting-4306699496?position=5&pageNum=2&refId=5uBLuycqFXLtpLRPg6MrsQ%3D%3D&trackingId=pcedqHFsTB5ERFOaz8U06A%3D%3D
65,Analyst - Data Analytics,NAB,"Canberra, Australian Capital Territory, Australia",https://au.linkedin.com/jobs/view/analyst-data-analytics-at-nab-4307232404?position=6&pageNum=2&refId=5uBLuycqFXLtpLRPg6MrsQ%3D%3D&trackingId=7yjyezSyZqxCxLR%2Fy5MzwQ%3D%3D
66,Investment Analyst | Upto $130/hr Remote,Mercor,Australia,https://au.linkedin.com/jobs/view/investment-analyst-upto-%24130-hr-remote-at-mercor-4310554541?position=7&pageNum=2&refId=5uBLuycqFXLtpLRPg6MrsQ%3D%3D&trackingId=W7LSm3mFMuNBnoWlopSoGA%3D%3D
67,Junior Business Consultant,Success Tutoring,"Melbourne, Victoria, Australia",https://au.linkedin.com/jobs/view/junior-business-consultant-at-success-tutoring-4308188623?position=8&pageNum=2&refId=5uBLuycqFXLtpLRPg6MrsQ%3D%3D&trackingId=O5MW%2B9bH%2BVq%2BuoABNNuPCA%3D%3D
68,Analyst - Data Analytics,NAB,"Brisbane, Queensland, Australia",https://au.linkedin.com/jobs/view/analyst-data-analytics-at-nab-4307247316?position=9&pageNum=2&refId=5uBLuycqFXLtpLRPg6MrsQ%3D%3D&trackingId=Td3vZkIH1fUNfwam2af1ww%3D%3D
69,Business Process Analyst,Cognizant,Greater Sydney Area,https://au.linkedin.com/jobs/view/business-process-analyst-at-cognizant-4304518779?position=10&pageNum=2&refId=5uBLuycqFXLtpLRPg6MrsQ%3D%3D&trackingId=G7GEb4jyIb8yOujAcWswtw%3D%3D
70,Analyst - Data Analytics,NAB,"Perth, Western Australia, Australia",https://au.linkedin.com/jobs/view/analyst-data-analytics-at-nab-4307246281?position=1&pageNum=5&refId=Bydfhdq8pIHXs1N0oxHUEg%3D%3D&trackingId=ib8CH3ijw31cXIDw63djSw%3D%3D
71,Systems Support Analyst,Illawarra Mercury,"Coniston, New South Wales, Australia",https://au.linkedin.com/jobs/view/systems-support-analyst-at-illawarra-mercury-4303274403?position=2&pageNum=5&refId=Bydfhdq8pIHXs1N0oxHUEg%3D%3D&trackingId=tQuB8nojJ5UTuely%2BrIsRg%3D%3D
72,Analyst,ASIC,"Melbourne, Victoria, Australia",https://au.linkedin.com/jobs/view/analyst-at-asic-4305967247?position=3&pageNum=5&refId=Bydfhdq8pIHXs1N0oxHUEg%3D%3D&trackingId=1ODTrKRrAutA%2B4K5tIJBaA%3D%3D
73,Data Analyst,Ventia,"North Sydney, New South Wales, Australia",https://au.linkedin.com/jobs/view/data-analyst-at-ventia-4307837360?position=4&pageNum=5&refId=Bydfhdq8pIHXs1N0oxHUEg%3D%3D&trackingId=MKoYV2f0zamUdy57Cu3fcQ%3D%3D
74,Analyst,ASIC,"Perth, Western Australia, Australia",https://au.linkedin.com/jobs/view/analyst-at-asic-4305953730?position=5&pageNum=5&refId=Bydfhdq8pIHXs1N0oxHUEg%3D%3D&trackingId=jRBoDS%2B6NmUG%2BG9DQbNuag%3D%3D
75,Analyst - Data Analytics,NAB,"Tasmania, Australia",https://au.linkedin.com/jobs/view/analyst-data-analytics-at-nab-4307252248?position=6&pageNum=5&refId=Bydfhdq8pIHXs1N0oxHUEg%3D%3D&trackingId=8Ein0djdyySKbui%2BCwu9%2Bg%3D%3D
76,Analyst,ASIC,"Adelaide, South Australia, Australia",https://au.linkedin.com/jobs/view/analyst-at-asic-4305955676?position=7&pageNum=5&refId=Bydfhdq8pIHXs1N0oxHUEg%3D%3D&trackingId=Vf3N4qHToWqfFqbvJxK3CA%3D%3D
77,Junior Business Consultant (Melbourne Based),Success Tutoring,"Melbourne, Victoria, Australia",https://au.linkedin.com/jobs/view/junior-business-consultant-melbourne-based-at-success-tutoring-4310128375?position=8&pageNum=5&refId=Bydfhdq8pIHXs1N0oxHUEg%3D%3D&trackingId=WFvGUTGblkeUBs3D8KLABw%3D%3D
78,Investment Analyst,ArborKnot,"Sydney, New South Wales, Australia",https://au.linkedin.com/jobs/view/investment-analyst-at-arborknot-4308575597?position=9&pageNum=5&refId=Bydfhdq8pIHXs1N0oxHUEg%3D%3D&trackingId=LLzaDtm9yZ6HE7vIMa1%2FBA%3D%3D
79,Cyber Security Analyst,Centorrino Technologies,"Perth, Western Australia, Australia",https://au.linkedin.com/jobs/view/cyber-security-analyst-at-centorrino-technologies-4305165547?position=10&pageNum=5&refId=Bydfhdq8pIHXs1N0oxHUEg%3D%3D&trackingId=qdEwMBMHMHUN4mY1hSUgXg%3D%3D
80,AI Agent Evaluation Analyst - AI Trainer,Mindrift,Australia,https://au.linkedin.com/jobs/view/ai-agent-evaluation-analyst-ai-trainer-at-mindrift-4308473006?position=1&pageNum=7&refId=BYRm5aLZWBiFgMJLro6NFg%3D%3D&trackingId=R0%2Bhx%2FjOxY4sdGTPC4%2Bq6A%3D%3D
81,Business Analyst,Habitat Energy,"Melbourne, Victoria, Australia",https://au.linkedin.com/jobs/view/business-analyst-at-habitat-energy-4306669112?position=2&pageNum=7&refId=BYRm5aLZWBiFgMJLro6NFg%3D%3D&trackingId=KfPVyGB%2BrcNHxeBq3pIUeQ%3D%3D
82,Analyst | Treasury Operations | Sydney,Deloitte,"Sydney, New South Wales, Australia",https://au.linkedin.com/jobs/view/analyst-treasury-operations-sydney-at-deloitte-4306437923?position=3&pageNum=7&refId=BYRm5aLZWBiFgMJLro6NFg%3D%3D&trackingId=%2FvvWHUNTS0KfsofPXNIOrg%3D%3D
83,Analyst | Sustainability & Climate Change | Sydney,Deloitte,"Sydney, New South Wales, Australia",https://au.linkedin.com/jobs/view/analyst-sustainability-climate-change-sydney-at-deloitte-4306450307?position=4&pageNum=7&refId=BYRm5aLZWBiFgMJLro6NFg%3D%3D&trackingId=4DGrGXwlm8JeuucHSvUqCA%3D%3D
84,Financial Reporting Analyst | Upto $100/hr Remote,Mercor,Australia,https://au.linkedin.com/jobs/view/financial-reporting-analyst-upto-%24100-hr-remote-at-mercor-4310569232?position=5&pageNum=7&refId=BYRm5aLZWBiFgMJLro6NFg%3D%3D&trackingId=cImzHT%2F%2B3NSNKgWEvKnPwA%3D%3D
85,Analyst,Gemba,"Sydney, New South Wales, Australia",https://au.linkedin.com/jobs/view/analyst-at-gemba-4309308428?position=6&pageNum=7&refId=BYRm5aLZWBiFgMJLro6NFg%3D%3D&trackingId=Axp1qqLdBJrGUkxXQPvJWA%3D%3D
86,Data & Reporting Analyst,Serco,"Adelaide, South Australia, Australia",https://au.linkedin.com/jobs/view/data-reporting-analyst-at-serco-4304012735?position=7&pageNum=7&refId=BYRm5aLZWBiFgMJLro6NFg%3D%3D&trackingId=J%2F2n671q0P8I%2BeTeDWc23g%3D%3D
87,Data Analyst,Adelaide PHN,"Mile End, South Australia, Australia",https://au.linkedin.com/jobs/view/data-analyst-at-adelaide-phn-4302625138?position=8&pageNum=7&refId=BYRm5aLZWBiFgMJLro6NFg%3D%3D&trackingId=MkE585Q5VYC2e2eywjd8HA%3D%3D
88,Specialist - Pricing Analyst,Canon Medical Systems ANZ Pty Limited,"Melbourne, Victoria, Australia",https://au.linkedin.com/jobs/view/specialist-pricing-analyst-at-canon-medical-systems-anz-pty-limited-4292479315?position=9&pageNum=7&refId=BYRm5aLZWBiFgMJLro6NFg%3D%3D&trackingId=%2BoYomJ9Bkf5ufP4PxKbuWQ%3D%3D
89,Analyst,ASIC,"Darwin, Northern Territory, Australia",https://au.linkedin.com/jobs/view/analyst-at-asic-4305965319?position=10&pageNum=7&refId=BYRm5aLZWBiFgMJLro6NFg%3D%3D&trackingId=3L9H4%2BVriSwBeMXQRuftRA%3D%3D
90,Data Integrity Analyst,NSW Health,Greater Sydney Area,https://au.linkedin.com/jobs/view/data-integrity-analyst-at-nsw-health-4304369355?position=1&pageNum=10&refId=M5Z481WiuCpbVofAcLM%2FKA%3D%3D&trackingId=TlBI8o4e0yTsaTNpOBmjxg%3D%3D
91,IT Support Analyst,Hays,"Sydney, New South Wales, Australia",https://au.linkedin.com/jobs/view/it-support-analyst-at-hays-4305154350?position=2&pageNum=10&refId=M5Z481WiuCpbVofAcLM%2FKA%3D%3D&trackingId=rwveJ%2FShvUZs5auwZVigWQ%3D%3D
92,Financial Analyst,Hays,"Sydney, New South Wales, Australia",https://au.linkedin.com/jobs/view/financial-analyst-at-hays-4308648143?position=3&pageNum=10&refId=M5Z481WiuCpbVofAcLM%2FKA%3D%3D&trackingId=gsGCXOAohBAEWAYO1JPsfQ%3D%3D
93,Portfolio Analyst,Optus,"New South Wales, Australia",https://au.linkedin.com/jobs/view/portfolio-analyst-at-optus-4302016080?position=4&pageNum=10&refId=M5Z481WiuCpbVofAcLM%2FKA%3D%3D&trackingId=945MHZihK%2Fd6%2BVPtWQxCoQ%3D%3D
94,HR Analyst Intern,KPay Group,"Sydney, New South Wales, Australia",https://au.linkedin.com/jobs/view/hr-analyst-intern-at-kpay-group-4302865591?position=5&pageNum=10&refId=M5Z481WiuCpbVofAcLM%2FKA%3D%3D&trackingId=ZnlBJlhn1Nh6MSvjZeAQfQ%3D%3D
95,Junior Analyst (x2),Sunshine Coast Council,"Sunshine Coast, Queensland, Australia",https://au.linkedin.com/jobs/view/junior-analyst-x2-at-sunshine-coast-council-4308516654?position=6&pageNum=10&refId=M5Z481WiuCpbVofAcLM%2FKA%3D%3D&trackingId=lj29bVsac8ys6UpijOv7Og%3D%3D
96,Investment Banking Analyst,Mercor,Australia,https://au.linkedin.com/jobs/view/investment-banking-analyst-at-mercor-4300551701?position=7&pageNum=10&refId=M5Z481WiuCpbVofAcLM%2FKA%3D%3D&trackingId=IAlnSMV9%2Fv6D0uP%2BcVtQAg%3D%3D
97,Graduate Business Development Associate – Private Credit | Buy-Side Exposure,AltX Financial Group,"Bondi Junction, New South Wales, Australia",https://au.linkedin.com/jobs/view/graduate-business-development-associate-%E2%80%93-private-credit-buy-side-exposure-at-altx-financial-group-4302233372?position=8&pageNum=10&refId=M5Z481WiuCpbVofAcLM%2FKA%3D%3D&trackingId=o4Odt8GmzglUsxWbRJGx6g%3D%3D
98,Data Analyst (0 Experience Required),Peroptyx,"Perth, Western Australia, Australia",https://au.linkedin.com/jobs/view/data-analyst-0-experience-required-at-peroptyx-4308037489?position=9&pageNum=10&refId=M5Z481WiuCpbVofAcLM%2FKA%3D%3D&trackingId=Ex3m56em86dqSbbiA3z%2BUA%3D%3D
99,Quantitative Research Consultant,Aptitude Recruitment,"Sydney, New South Wales, Australia",https://au.linkedin.com/jobs/view/quantitative-research-consultant-at-aptitude-recruitment-4305514799?position=10&pageNum=10&refId=M5Z481WiuCpbVofAcLM%2FKA%3D%3D&trackingId=bmoqx9rwOZ%2BWp2vBMFbQog%3D%3D
100,Sales Analyst,Sealed Air Corporation,"Fawkner, Victoria, Australia",https://au.linkedin.com/jobs/view/sales-analyst-at-sealed-air-corporation-4301646249?position=1&pageNum=12&refId=q8ab5FWKzjoaMEp2UpBTZQ%3D%3D&trackingId=Ltj3Bk%2FfA2qn%2Bph%2FT3WAVg%3D%3D
101,Marketing Data and Insights Specialist,Parity Consulting,"Sydney, New South Wales, Australia",https://au.linkedin.com/jobs/view/marketing-data-and-insights-specialist-at-parity-consulting-4309892867?position=2&pageNum=12&refId=q8ab5FWKzjoaMEp2UpBTZQ%3D%3D&trackingId=PeyTi4xTnVeCoP3NGTRUlA%3D%3D
102,Sales Analyst (Contract),Ferrero,"Sydney, New South Wales, Australia",https://au.linkedin.com/jobs/view/sales-analyst-contract-at-ferrero-4303046223?position=3&pageNum=12&refId=q8ab5FWKzjoaMEp2UpBTZQ%3D%3D&trackingId=XNd5dmQn5mkwBvYME%2Fm9tA%3D%3D
103,Security Operations Analyst,Wiz,Australia,https://au.linkedin.com/jobs/view/security-operations-analyst-at-wiz-4268968542?position=4&pageNum=12&refId=q8ab5FWKzjoaMEp2UpBTZQ%3D%3D&trackingId=bUQNOcA6PGeh952dx89oQQ%3D%3D
104,"Analyst, Place (Communities)",Minderoo Foundation,"Perth, Western Australia, Australia",https://au.linkedin.com/jobs/view/analyst-place-communities-at-minderoo-foundation-4299939500?position=5&pageNum=12&refId=q8ab5FWKzjoaMEp2UpBTZQ%3D%3D&trackingId=vKxCOCf5J15VItxqTdFS5g%3D%3D
105,Test Analyst - Contract,Centorrino Technologies,"Darwin City, Northern Territory, Australia",https://au.linkedin.com/jobs/view/test-analyst-contract-at-centorrino-technologies-4298037992?position=6&pageNum=12&refId=q8ab5FWKzjoaMEp2UpBTZQ%3D%3D&trackingId=WipSp8uM9WTQmRK7rJZG7w%3D%3D
106,Credit Analyst | Asset Finance,Robert Half,"Sydney, New South Wales, Australia",https://au.linkedin.com/jobs/view/credit-analyst-asset-finance-at-robert-half-4307003310?position=7&pageNum=12&refId=q8ab5FWKzjoaMEp2UpBTZQ%3D%3D&trackingId=lRQ7OCxwg0T3rl%2BVjusKrg%3D%3D
107,Analyst - RNA,WNS,"Sutherland, New South Wales, Australia",https://au.linkedin.com/jobs/view/analyst-rna-at-wns-3827668618?position=8&pageNum=12&refId=q8ab5FWKzjoaMEp2UpBTZQ%3D%3D&trackingId=Ge7LQZNxRpcwsfuLIHAGiA%3D%3D
108,Expression of Interest: Graduate Opportunities in Sales & Finance | Fintech & SaaS,Focus Recruitment,"Sydney, New South Wales, Australia",https://au.linkedin.com/jobs/view/expression-of-interest-graduate-opportunities-in-sales-finance-fintech-saas-at-focus-recruitment-4301389611?position=9&pageNum=12&refId=q8ab5FWKzjoaMEp2UpBTZQ%3D%3D&trackingId=3Z714JQgTKGsYxIXhuGRxw%3D%3D
109,Data Analyst,Foodbank Australia,"Melbourne, Victoria, Australia",https://au.linkedin.com/jobs/view/data-analyst-at-foodbank-australia-4302838869?position=10&pageNum=12&refId=q8ab5FWKzjoaMEp2UpBTZQ%3D%3D&trackingId=8LrigVgTYUlMfVPNvwAY3A%3D%3D
110,Business Analyst x 2,Bendigo Advertiser,"Bar Beach, New South Wales, Australia",https://au.linkedin.com/jobs/view/business-analyst-x-2-at-bendigo-advertiser-4306007946?position=1&pageNum=15&refId=sFfccjMgVfJibyvZOI7G5A%3D%3D&trackingId=wdxEegezxUQSyH4qLrMlOA%3D%3D
111,Property Analyst,Stonebridge Property Group,"Melbourne, Victoria, Australia",https://au.linkedin.com/jobs/view/property-analyst-at-stonebridge-property-group-4299087553?position=2&pageNum=15&refId=sFfccjMgVfJibyvZOI7G5A%3D%3D&trackingId=WKwkCGCK5NTTBAj%2BevXq1g%3D%3D
112,ESG Analyst,Vinarchy,"Adelaide, South Australia, Australia",https://au.linkedin.com/jobs/view/esg-analyst-at-vinarchy-4303343504?position=3&pageNum=15&refId=sFfccjMgVfJibyvZOI7G5A%3D%3D&trackingId=CyEP9uR%2F1l2lhWMfr%2Bne2Q%3D%3D
113,Investment Research Analyst,Mercor,Australia,https://au.linkedin.com/jobs/view/investment-research-analyst-at-mercor-4310557443?position=4&pageNum=15&refId=sFfccjMgVfJibyvZOI7G5A%3D%3D&trackingId=p3FLRNDhykA3krgy6DqD%2BA%3D%3D
114,Media Analyst,Streem (Media Monitoring & Insights),"Sydney, New South Wales, Australia",https://au.linkedin.com/jobs/view/media-analyst-at-streem-media-monitoring-insights-4304388576?position=5&pageNum=15&refId=sFfccjMgVfJibyvZOI7G5A%3D%3D&trackingId=KmBUplJDJqUXL7GITknzuA%3D%3D
115,Finance Analyst,Telstra,"Melbourne, Victoria, Australia",https://au.linkedin.com/jobs/view/finance-analyst-at-telstra-4306980982?position=6&pageNum=15&refId=sFfccjMgVfJibyvZOI7G5A%3D%3D&trackingId=EJwlgYol7GBF5NVQkMC4gg%3D%3D
116,Analyst,DataAnnotation,Australia,https://au.linkedin.com/jobs/view/analyst-at-dataannotation-4304440351?position=7&pageNum=15&refId=sFfccjMgVfJibyvZOI7G5A%3D%3D&trackingId=1qw4EYPB9UAUWWUgvfJHNg%3D%3D
117,Data Analyst,Pet Circle,"Sydney, New South Wales, Australia",https://au.linkedin.com/jobs/view/data-analyst-at-pet-circle-4293572820?position=8&pageNum=15&refId=sFfccjMgVfJibyvZOI7G5A%3D%3D&trackingId=mVoo12gy4wmVKf17S64cAw%3D%3D
118,Systems Support Analyst,Shellharbour City Council,"Shellharbour, New South Wales, Australia",https://au.linkedin.com/jobs/view/systems-support-analyst-at-shellharbour-city-council-4302408147?position=9&pageNum=15&refId=sFfccjMgVfJibyvZOI7G5A%3D%3D&trackingId=kQIeGH5HCTbCyVth8Cc5rw%3D%3D
119,"Analyst, Capital Markets Group",MUFG,"Sydney, New South Wales, Australia",https://au.linkedin.com/jobs/view/analyst-capital-markets-group-at-mufg-4304214635?position=10&pageNum=15&refId=sFfccjMgVfJibyvZOI7G5A%3D%3D&trackingId=hr4iHjXjbhHf%2FyJfzqNHbA%3D%3D
120,Analyst - RNA,WNS,"Sutherland, New South Wales, Australia",https://au.linkedin.com/jobs/view/analyst-rna-at-wns-3823265997?position=1&pageNum=17&refId=R7%2FSU31lXHtl3BnZ5iA%2BFg%3D%3D&trackingId=dJOKjmgkfvJWatWn2djA%2BQ%3D%3D
121,Data and Reporting Analyst,RPS,"Fortitude Valley, Queensland, Australia",https://au.linkedin.com/jobs/view/data-and-reporting-analyst-at-rps-4275357438?position=2&pageNum=17&refId=R7%2FSU31lXHtl3BnZ5iA%2BFg%3D%3D&trackingId=BCm%2BNaSGN98%2Fw3H2ZoV6Jg%3D%3D
122,Pricing Analyst,Team Global Express,"Melbourne Airport, Victoria, Australia",https://au.linkedin.com/jobs/view/pricing-analyst-at-team-global-express-4309375967?position=3&pageNum=17&refId=R7%2FSU31lXHtl3BnZ5iA%2BFg%3D%3D&trackingId=NMdfav%2FAr2406LNazwbhGg%3D%3D
123,Analyst - RNA,WNS,"Sutherland, New South Wales, Australia",https://au.linkedin.com/jobs/view/analyst-rna-at-wns-3845609933?position=4&pageNum=17&refId=R7%2FSU31lXHtl3BnZ5iA%2BFg%3D%3D&trackingId=6fV3mWm%2B2zGpUN2bZ02%2Bng%3D%3D
124,Financial Analyst,Mercor,Australia,https://au.linkedin.com/jobs/view/financial-analyst-at-mercor-4310568277?position=5&pageNum=17&refId=R7%2FSU31lXHtl3BnZ5iA%2BFg%3D%3D&trackingId=pt%2BQS%2Bhc1f%2B0WDu3u71Pyg%3D%3D
125,Analyst - RNA,WNS,"Sutherland, New South Wales, Australia",https://au.linkedin.com/jobs/view/analyst-rna-at-wns-3823267804?position=6&pageNum=17&refId=R7%2FSU31lXHtl3BnZ5iA%2BFg%3D%3D&trackingId=Ne%2BgTGhFTVUKyA1z4kRjLA%3D%3D
126,Information Technology Support Analyst,HARLI + HARPA,"Melbourne, Victoria, Australia",https://au.linkedin.com/jobs/view/information-technology-support-analyst-at-harli-%2B-harpa-4306696358?position=7&pageNum=17&refId=R7%2FSU31lXHtl3BnZ5iA%2BFg%3D%3D&trackingId=XHsdMBciJoJyDSiu3xupqg%3D%3D
127,"Analyst, China, Climate Change Think Tank",InfluenceMap,"Belconnen, Australian Capital Territory, Australia",https://au.linkedin.com/jobs/view/analyst-china-climate-change-think-tank-at-influencemap-4307959340?position=8&pageNum=17&refId=R7%2FSU31lXHtl3BnZ5iA%2BFg%3D%3D&trackingId=guJuvhJoiyVpMtB%2Bl1mS7w%3D%3D
128,Finance Analyst,Telstra,"Melbourne, Victoria, Australia",https://au.linkedin.com/jobs/view/finance-analyst-at-telstra-4306952710?position=9&pageNum=17&refId=R7%2FSU31lXHtl3BnZ5iA%2BFg%3D%3D&trackingId=h6ltS4%2F64nPL4x3a2BHZ5w%3D%3D
129,Fraud Assist Analyst - Part Time,NAB,"Melbourne, Victoria, Australia",https://au.linkedin.com/jobs/view/fraud-assist-analyst-part-time-at-nab-4303428826?position=10&pageNum=17&refId=R7%2FSU31lXHtl3BnZ5iA%2BFg%3D%3D&trackingId=l7krfMNRRDdf%2BQPh%2FgCMeQ%3D%3D
130,Fraud Performance Analyst,Auto & General Australia,"Brisbane, Queensland, Australia",https://au.linkedin.com/jobs/view/fraud-performance-analyst-at-auto-general-australia-4304000027?position=1&pageNum=20&refId=Yxe5tOBX5UwYLCwTDGWF%2Bg%3D%3D&trackingId=XVmdppEwhYImOwrGhQDj%2FQ%3D%3D
131,Associate Service Desk Analyst,Hays,"Canberra, Australian Capital Territory, Australia",https://au.linkedin.com/jobs/view/associate-service-desk-analyst-at-hays-4305266934?position=2&pageNum=20&refId=Yxe5tOBX5UwYLCwTDGWF%2Bg%3D%3D&trackingId=7zTIhIjbeiTyCAb3NhT1MA%3D%3D
132,Process Improvement Analyst,Macquarie Group,"Sydney, New South Wales, Australia",https://au.linkedin.com/jobs/view/process-improvement-analyst-at-macquarie-group-4305842819?position=3&pageNum=20&refId=Yxe5tOBX5UwYLCwTDGWF%2Bg%3D%3D&trackingId=hYXH3ynxsLfBIuWiGXuVSA%3D%3D
133,Product Analyst,Netwealth - See Wealth Differently (ASX:NWL),"Melbourne, Victoria, Australia",https://au.linkedin.com/jobs/view/product-analyst-at-netwealth-see-wealth-differently-asx-nwl-4293802832?position=4&pageNum=20&refId=Yxe5tOBX5UwYLCwTDGWF%2Bg%3D%3D&trackingId=3WM4v6ERILn6dlqFaQNC8Q%3D%3D
134,Business Analyst,Leidos Australia,"Canberra, Australian Capital Territory, Australia",https://au.linkedin.com/jobs/view/business-analyst-at-leidos-australia-4305959945?position=5&pageNum=20&refId=Yxe5tOBX5UwYLCwTDGWF%2Bg%3D%3D&trackingId=VDoG6TOowndU4laSdk2zMw%3D%3D
135,Customer Success Associate,Mary Technology,"Sydney, New South Wales, Australia",https://au.linkedin.com/jobs/view/customer-success-associate-at-mary-technology-4304000187?position=6&pageNum=20&refId=Yxe5tOBX5UwYLCwTDGWF%2Bg%3D%3D&trackingId=759J%2BFv%2FXg%2FchpvuVRq7AQ%3D%3D
136,Fraud Analyst,Auto & General Australia,"Brisbane, Queensland, Australia",https://au.linkedin.com/jobs/view/fraud-analyst-at-auto-general-australia-4303385806?position=7&pageNum=20&refId=Yxe5tOBX5UwYLCwTDGWF%2Bg%3D%3D&trackingId=bNlc1iEbAkOF%2FSXyLk9aNQ%3D%3D
137,Dealer Credit Analyst,Nissan Motor Corporation,"Mulgrave, Victoria, Australia",https://au.linkedin.com/jobs/view/dealer-credit-analyst-at-nissan-motor-corporation-4293768865?position=8&pageNum=20&refId=Yxe5tOBX5UwYLCwTDGWF%2Bg%3D%3D&trackingId=MPiYenWm%2FM4vHBOysFghJw%3D%3D
138,Data Analyst (Research Associate - s51),Curtin University,"Perth, Western Australia, Australia",https://au.linkedin.com/jobs/view/data-analyst-research-associate-s51-at-curtin-university-4304110462?position=9&pageNum=20&refId=Yxe5tOBX5UwYLCwTDGWF%2Bg%3D%3D&trackingId=hXiYi2GFy3VLfHAz4r34Bg%3D%3D
139,Client Service Analyst,RQI Investors,"Sydney, New South Wales, Australia",https://au.linkedin.com/jobs/view/client-service-analyst-at-rqi-investors-4303897204?position=10&pageNum=20&refId=Yxe5tOBX5UwYLCwTDGWF%2Bg%3D%3D&trackingId=vA5vdaS9r34ReS8Di8DXTA%3D%3D
140,Test Analyst,Vectiq,"Canberra, Australian Capital Territory, Australia",https://au.linkedin.com/jobs/view/test-analyst-at-vectiq-4296591602?position=1&pageNum=22&refId=twcq6AiGf7zPjueWd%2Bxv4g%3D%3D&trackingId=QW8K5aj23n%2FDKqFM6LxHSg%3D%3D
141,Finance Analyst - Retail,Lovisa Pty Ltd,"Hawthorn, Victoria, Australia",https://au.linkedin.com/jobs/view/finance-analyst-retail-at-lovisa-pty-ltd-4299599749?position=2&pageNum=22&refId=twcq6AiGf7zPjueWd%2Bxv4g%3D%3D&trackingId=SZTbh%2B1gZUvwxwg4oWcXZA%3D%3D
142,Senior Analyst Pattern Planning & Rostering,Qantas,"Sydney, New South Wales, Australia",https://au.linkedin.com/jobs/view/senior-analyst-pattern-planning-rostering-at-qantas-4307851095?position=3&pageNum=22&refId=twcq6AiGf7zPjueWd%2Bxv4g%3D%3D&trackingId=umcePLUYNyeo4MI9kvLAZQ%3D%3D
143,Remediation Analyst,Deloitte,"Bendigo, Victoria, Australia",https://au.linkedin.com/jobs/view/remediation-analyst-at-deloitte-4306449367?position=4&pageNum=22&refId=twcq6AiGf7zPjueWd%2Bxv4g%3D%3D&trackingId=jv6uGe%2FKPgauzPR8qkG03Q%3D%3D
144,"Analyst, Finance, I+E",SMEC,"Melbourne, Victoria, Australia",https://au.linkedin.com/jobs/view/analyst-finance-i%2Be-at-smec-4310103925?position=5&pageNum=22&refId=twcq6AiGf7zPjueWd%2Bxv4g%3D%3D&trackingId=sAYEFw6X4i7Rd8WU3OgYGA%3D%3D
145,Strategy & Operations Associate,Kotti Capital,Greater Melbourne Area,https://au.linkedin.com/jobs/view/strategy-operations-associate-at-kotti-capital-4304815991?position=6&pageNum=22&refId=twcq6AiGf7zPjueWd%2Bxv4g%3D%3D&trackingId=4V2vvLMjTqly2Q3bCtmRMg%3D%3D
146,Commercial Analyst,Toll Group,"Melbourne, Victoria, Australia",https://au.linkedin.com/jobs/view/commercial-analyst-at-toll-group-4305537765?position=7&pageNum=22&refId=twcq6AiGf7zPjueWd%2Bxv4g%3D%3D&trackingId=VCiiB05y2xgp0kVhs6LpGw%3D%3D
147,Finance Analyst,Telstra,"Brisbane, Queensland, Australia",https://au.linkedin.com/jobs/view/finance-analyst-at-telstra-4307202005?position=8&pageNum=22&refId=twcq6AiGf7zPjueWd%2Bxv4g%3D%3D&trackingId=QPtdE2b8NCOcu8BirBIimg%3D%3D
148,Acurity- Business Analyst,XPT Software Australia,"Melbourne, Victoria, Australia",https://au.linkedin.com/jobs/view/acurity-business-analyst-at-xpt-software-australia-4303862352?position=9&pageNum=22&refId=twcq6AiGf7zPjueWd%2Bxv4g%3D%3D&trackingId=%2Birg%2BPNkwlF94i99kXp%2BNw%3D%3D
149,Business Analyst With Banking Payment,XPT Software Australia,"Sydney, New South Wales, Australia",https://au.linkedin.com/jobs/view/business-analyst-with-banking-payment-at-xpt-software-australia-4309100273?position=10&pageNum=22&refId=twcq6AiGf7zPjueWd%2Bxv4g%3D%3D&trackingId=i8uVtTO%2F4pvsJYLJLhpyGA%3D%3D
150,Equity/Macro Analyst,Susquehanna International Group,"Sydney, New South Wales, Australia",https://au.linkedin.com/jobs/view/equity-macro-analyst-at-susquehanna-international-group-4002865987?position=1&pageNum=25&refId=19sxhDYz7P7BxIHPsG8T9Q%3D%3D&trackingId=xUgPEConUg%2FkrUs%2FtQmeYA%3D%3D
151,Business Analyst – Treasury,Macquarie Group,"Sydney, New South Wales, Australia",https://au.linkedin.com/jobs/view/business-analyst-%E2%80%93-treasury-at-macquarie-group-4290773691?position=2&pageNum=25&refId=19sxhDYz7P7BxIHPsG8T9Q%3D%3D&trackingId=snCJHAHXR7dWiOlkxST3gA%3D%3D
152,Quantitative Analyst,DataAnnotation,Australia,https://au.linkedin.com/jobs/view/quantitative-analyst-at-dataannotation-4304432482?position=3&pageNum=25&refId=19sxhDYz7P7BxIHPsG8T9Q%3D%3D&trackingId=crFyKabiahblEDge%2FVSezA%3D%3D
153,GIS Analyst,Downer,"Sydney, New South Wales, Australia",https://au.linkedin.com/jobs/view/gis-analyst-at-downer-4302895492?position=4&pageNum=25&refId=19sxhDYz7P7BxIHPsG8T9Q%3D%3D&trackingId=dBDOR%2F47SdyZZsHIB6Mriw%3D%3D
154,Sustainability Analyst,RightShip,"Melbourne, Victoria, Australia",https://au.linkedin.com/jobs/view/sustainability-analyst-at-rightship-4307873807?position=5&pageNum=25&refId=19sxhDYz7P7BxIHPsG8T9Q%3D%3D&trackingId=ZYHVogYBSAaLkoK%2FfgegrQ%3D%3D
155,Conflicts & Compliance Analyst,Clyde & Co,"Sydney, New South Wales, Australia",https://au.linkedin.com/jobs/view/conflicts-compliance-analyst-at-clyde-co-4305838039?position=6&pageNum=25&refId=19sxhDYz7P7BxIHPsG8T9Q%3D%3D&trackingId=9DUSrf%2BMv%2BcGlXAzbXdU7g%3D%3D
156,Procurement Analyst,Nutrien Ag Solutions - Australia,"Docklands, Victoria, Australia",https://au.linkedin.com/jobs/view/procurement-analyst-at-nutrien-ag-solutions-australia-4307839328?position=7&pageNum=25&refId=19sxhDYz7P7BxIHPsG8T9Q%3D%3D&trackingId=TBox2xQJo3vTgT%2F9mHxQ9g%3D%3D
157,"Analyst, Strategic Projects, PPE",Allens,"Sydney, New South Wales, Australia",https://au.linkedin.com/jobs/view/analyst-strategic-projects-ppe-at-allens-4251129011?position=8&pageNum=25&refId=19sxhDYz7P7BxIHPsG8T9Q%3D%3D&trackingId=97dwFZv24qt9feOCMNmY6g%3D%3D
158,Financial Planning Analyst,Mercor,Australia,https://au.linkedin.com/jobs/view/financial-planning-analyst-at-mercor-4310551545?position=9&pageNum=25&refId=19sxhDYz7P7BxIHPsG8T9Q%3D%3D&trackingId=rjOLh6u%2FumjqeL22yaWqCA%3D%3D
159,Analyst,CBRE Asia Pacific,"Perth, Western Australia, Australia",https://au.linkedin.com/jobs/view/analyst-at-cbre-asia-pacific-4301679659?position=10&pageNum=25&refId=19sxhDYz7P7BxIHPsG8T9Q%3D%3D&trackingId=4N5NEoYHIZpxuK2bYiIO4g%3D%3D
160,"Analyst, Captial Markets - Logistics & Industrial",Cushman & Wakefield,"Melbourne, Victoria, Australia",https://au.linkedin.com/jobs/view/analyst-captial-markets-logistics-industrial-at-cushman-wakefield-4305174292?position=1&pageNum=27&refId=dujqNhMAIYa%2FsJC2ilVFpQ%3D%3D&trackingId=u2l2jAYKdD%2BnMuYePjePdg%3D%3D
161,Experienced Analyst | External Audit - Global & Private | Sydney CBD,Deloitte,"Sydney, New South Wales, Australia",https://au.linkedin.com/jobs/view/experienced-analyst-external-audit-global-private-sydney-cbd-at-deloitte-4306453191?position=2&pageNum=27&refId=dujqNhMAIYa%2FsJC2ilVFpQ%3D%3D&trackingId=e8FeMMxSTSOGqz6EJ5Y1Yg%3D%3D
162,Cyber Security Analyst,Downer,"Melbourne, Victoria, Australia",https://au.linkedin.com/jobs/view/cyber-security-analyst-at-downer-4298431333?position=3&pageNum=27&refId=dujqNhMAIYa%2FsJC2ilVFpQ%3D%3D&trackingId=W1E6qyiv0zWUdE9UcM5d3g%3D%3D
163,Associate,IRiQ Law,"Brisbane, Queensland, Australia",https://au.linkedin.com/jobs/view/associate-at-iriq-law-4307320282?position=4&pageNum=27&refId=dujqNhMAIYa%2FsJC2ilVFpQ%3D%3D&trackingId=8OsOnVUE%2Bc0PaMCxu%2FkjCA%3D%3D
164,"Market Analyst, Surveillance",ASX,"Sydney, New South Wales, Australia",https://au.linkedin.com/jobs/view/market-analyst-surveillance-at-asx-4301612006?position=5&pageNum=27&refId=dujqNhMAIYa%2FsJC2ilVFpQ%3D%3D&trackingId=HAUmkFOQlGlBYQ5qgVchwg%3D%3D
165,Data Operations Analyst - Liquidity,Macquarie Group,"Sydney, New South Wales, Australia",https://au.linkedin.com/jobs/view/data-operations-analyst-liquidity-at-macquarie-group-4293665491?position=6&pageNum=27&refId=dujqNhMAIYa%2FsJC2ilVFpQ%3D%3D&trackingId=ZdHF59MbAJKe3l%2B6s%2Bp8Pg%3D%3D
166,Commercial Analyst,Anglo American,"Moranbah, Queensland, Australia",https://au.linkedin.com/jobs/view/commercial-analyst-at-anglo-american-4305312491?position=7&pageNum=27&refId=dujqNhMAIYa%2FsJC2ilVFpQ%3D%3D&trackingId=pmNBtszdYhMO6Wmzj8RkLQ%3D%3D
167,Commercial Analyst,Michael Page,"Parramatta, New South Wales, Australia",https://au.linkedin.com/jobs/view/commercial-analyst-at-michael-page-4304824725?position=8&pageNum=27&refId=dujqNhMAIYa%2FsJC2ilVFpQ%3D%3D&trackingId=jwYU8PeuvgTfcnKGObThJg%3D%3D
168,Pricing Analyst,Auto & General Australia,"Brisbane, Queensland, Australia",https://au.linkedin.com/jobs/view/pricing-analyst-at-auto-general-australia-4235821154?position=9&pageNum=27&refId=dujqNhMAIYa%2FsJC2ilVFpQ%3D%3D&trackingId=oCJKtnNYVu8qpjZUoPKF3Q%3D%3D
169,"Analyst / Associate, Project Finance",MUFG,Greater Sydney Area,https://au.linkedin.com/jobs/view/analyst-associate-project-finance-at-mufg-4300447076?position=10&pageNum=27&refId=dujqNhMAIYa%2FsJC2ilVFpQ%3D%3D&trackingId=0SoEECdcTCbS8zXw6t5%2BEg%3D%3D
170,Commercial Finance - Credit Analyst,DLL,Greater Sydney Area,https://au.linkedin.com/jobs/view/commercial-finance-credit-analyst-at-dll-4298371456?position=1&pageNum=30&refId=KWpZEXr1Uydm0nkToxOnmw%3D%3D&trackingId=geuweQHjxDeYUa4UeTIs9w%3D%3D
171,Middle Office Analyst,BOQ Group,"Brisbane, Queensland, Australia",https://au.linkedin.com/jobs/view/middle-office-analyst-at-boq-group-4257237038?position=2&pageNum=30&refId=KWpZEXr1Uydm0nkToxOnmw%3D%3D&trackingId=%2BtrtTj4ScdBlSc0QJOlRJA%3D%3D
172,Intelligence Analyst (Coordination Officer) - (Temporary Opportunity - Up to 12 months),Transport for NSW,"Macquarie Park, New South Wales, Australia",https://au.linkedin.com/jobs/view/intelligence-analyst-coordination-officer-temporary-opportunity-up-to-12-months-at-transport-for-nsw-4304389333?position=3&pageNum=30&refId=KWpZEXr1Uydm0nkToxOnmw%3D%3D&trackingId=9zndnOW79Yz4Ceuwd%2FvvOw%3D%3D
173,Service Desk Analyst,Esri Australia,"Brisbane, Queensland, Australia",https://au.linkedin.com/jobs/view/service-desk-analyst-at-esri-australia-4301984665?position=4&pageNum=30&refId=KWpZEXr1Uydm0nkToxOnmw%3D%3D&trackingId=%2BFkubADUE%2FN4tixRqWkfbQ%3D%3D
174,Account Manager Associate (Graduate/Entry level),Rockwell Automation,"Brisbane, Queensland, Australia",https://au.linkedin.com/jobs/view/account-manager-associate-graduate-entry-level-at-rockwell-automation-4300848038?position=5&pageNum=30&refId=KWpZEXr1Uydm0nkToxOnmw%3D%3D&trackingId=%2FmnQBiEy0fmX5EYdOvZ64w%3D%3D
175,Middle Office Analyst,BOQ Group,"Brisbane, Queensland, Australia",https://au.linkedin.com/jobs/view/middle-office-analyst-at-boq-group-4285080871?position=6&pageNum=30&refId=KWpZEXr1Uydm0nkToxOnmw%3D%3D&trackingId=R%2FXIDQZaWcepF0dpXM3K1g%3D%3D
176,Product Support Analyst (Graduate Software Engineer),NewyTechPeople,"Newcastle, New South Wales, Australia",https://au.linkedin.com/jobs/view/product-support-analyst-graduate-software-engineer-at-newytechpeople-4307349501?position=7&pageNum=30&refId=KWpZEXr1Uydm0nkToxOnmw%3D%3D&trackingId=SGCUIclyi9BgZh96WcVCyw%3D%3D
177,"Global Advisory & Markets, Corporate Advisory, Consumer / Retail / Healthcare / Industrials / TMT, Analyst / Associate, Sydney",Goldman Sachs,"Sydney, New South Wales, Australia",https://au.linkedin.com/jobs/view/global-advisory-markets-corporate-advisory-consumer-retail-healthcare-industrials-tmt-analyst-associate-sydney-at-goldman-sachs-4302729783?position=8&pageNum=30&refId=KWpZEXr1Uydm0nkToxOnmw%3D%3D&trackingId=%2Frm4tLRWnNYrsBaLdg2oNA%3D%3D
178,Pricing Analyst,Bendigo Advertiser,"Bar Beach, New South Wales, Australia",https://au.linkedin.com/jobs/view/pricing-analyst-at-bendigo-advertiser-4305408262?position=9&pageNum=30&refId=KWpZEXr1Uydm0nkToxOnmw%3D%3D&trackingId=SORyxqJZ8adn%2Fd8S5ho%2BxA%3D%3D
179,Product Operations Analyst,Teachers Mutual Bank Limited,"Sydney, New South Wales, Australia",https://au.linkedin.com/jobs/view/product-operations-analyst-at-teachers-mutual-bank-limited-4304848844?position=10&pageNum=30&refId=KWpZEXr1Uydm0nkToxOnmw%3D%3D&trackingId=Axhb1eX4E9SiXCA4%2Bg57sA%3D%3D
180,Configuration Management Analyst II,Mastercard,"St Leonards, New South Wales, Australia",https://au.linkedin.com/jobs/view/configuration-management-analyst-ii-at-mastercard-4308372575?position=1&pageNum=32&refId=uiGT2iXJV3oQhmaJYCr1VQ%3D%3D&trackingId=yHY5oMf6nZxJ62hLCH6rQA%3D%3D
181,AML Policy and Procedure Analyst,Capgemini,"Melbourne, Victoria, Australia",https://au.linkedin.com/jobs/view/aml-policy-and-procedure-analyst-at-capgemini-4303645661?position=2&pageNum=32&refId=uiGT2iXJV3oQhmaJYCr1VQ%3D%3D&trackingId=mqtpD730Q2HcyCaMsWGeww%3D%3D
182,"Analyst, Enterprise Risk and Compliance",ASX,"Sydney, New South Wales, Australia",https://au.linkedin.com/jobs/view/analyst-enterprise-risk-and-compliance-at-asx-4301605147?position=3&pageNum=32&refId=uiGT2iXJV3oQhmaJYCr1VQ%3D%3D&trackingId=Viii74ovkDfXzcsXbHy7eg%3D%3D
183,Sustainability Analyst,Cushman & Wakefield,"Sydney, New South Wales, Australia",https://au.linkedin.com/jobs/view/sustainability-analyst-at-cushman-wakefield-4302263438?position=4&pageNum=32&refId=uiGT2iXJV3oQhmaJYCr1VQ%3D%3D&trackingId=bpXez8eFHjgcqio%2FIkoetw%3D%3D
184,Data Analyst (GCP),Technology CII,"Millers Point, New South Wales, Australia",https://au.linkedin.com/jobs/view/data-analyst-gcp-at-technology-cii-4300252138?position=5&pageNum=32&refId=uiGT2iXJV3oQhmaJYCr1VQ%3D%3D&trackingId=fTXgxK6g4RBe1LjHSbpKjA%3D%3D
185,Treasury Analyst (Liquidity),Revolut,Australia,https://au.linkedin.com/jobs/view/treasury-analyst-liquidity-at-revolut-4287550607?position=6&pageNum=32&refId=uiGT2iXJV3oQhmaJYCr1VQ%3D%3D&trackingId=yJxPvASkRu%2BVv5jqOwqSIg%3D%3D
186,Finance Analyst - Sydney,Whitehaven Coal,"Sydney, New South Wales, Australia",https://au.linkedin.com/jobs/view/finance-analyst-sydney-at-whitehaven-coal-4300394181?position=7&pageNum=32&refId=uiGT2iXJV3oQhmaJYCr1VQ%3D%3D&trackingId=JsLrg0Vxl49iqUTfFCvYaw%3D%3D
187,AML Systems & Data Analyst,BOQ Group,"Brisbane, Queensland, Australia",https://au.linkedin.com/jobs/view/aml-systems-data-analyst-at-boq-group-4234241495?position=8&pageNum=32&refId=uiGT2iXJV3oQhmaJYCr1VQ%3D%3D&trackingId=S1S7BLIpCDDwUcW0FctsUA%3D%3D
188,Treasury Analyst (Bank Operations),Convera,"Sydney, New South Wales, Australia",https://au.linkedin.com/jobs/view/treasury-analyst-bank-operations-at-convera-4290690935?position=9&pageNum=32&refId=uiGT2iXJV3oQhmaJYCr1VQ%3D%3D&trackingId=w4LfQ1xLMTDUVvtRzrxSwg%3D%3D
189,Analytical Laboratory Analyst,Cook Medical,"Eight Mile Plains, Queensland, Australia",https://au.linkedin.com/jobs/view/analytical-laboratory-analyst-at-cook-medical-4305171729?position=10&pageNum=32&refId=uiGT2iXJV3oQhmaJYCr1VQ%3D%3D&trackingId=OLYTIehRIU%2BiIWMKTX5CYQ%3D%3D
190,Finance Analyst,Live Nation APAC,"Brisbane, Queensland, Australia",https://au.linkedin.com/jobs/view/finance-analyst-at-live-nation-apac-4302465220?position=1&pageNum=35&refId=uHk%2F2VjCXpJVrIGrYFRVZA%3D%3D&trackingId=2XFoNET%2Fu1QuA98%2FjdcT0w%3D%3D
191,Analyst Engineer,SS&C Technologies,"Parramatta, New South Wales, Australia",https://au.linkedin.com/jobs/view/analyst-engineer-at-ss-c-technologies-4301262132?position=2&pageNum=35&refId=uHk%2F2VjCXpJVrIGrYFRVZA%3D%3D&trackingId=bWN7vkseHG1ZVJvM6zAaaA%3D%3D
192,Logistic Support Analyst,Rheinmetall,"Brisbane, Queensland, Australia",https://au.linkedin.com/jobs/view/logistic-support-analyst-at-rheinmetall-4307296992?position=3&pageNum=35&refId=uHk%2F2VjCXpJVrIGrYFRVZA%3D%3D&trackingId=WvrcvoNUbvOXw%2BtfD6l15Q%3D%3D
193,AML/CTF Analyst,Clayton Utz,"Sydney, New South Wales, Australia",https://au.linkedin.com/jobs/view/aml-ctf-analyst-at-clayton-utz-4271784020?position=4&pageNum=35&refId=uHk%2F2VjCXpJVrIGrYFRVZA%3D%3D&trackingId=bVCCXhuYcnWugQofZOwcTw%3D%3D
194,Property Technical Writer & Analyst,Riverview Estate,Greater Brisbane Area,https://au.linkedin.com/jobs/view/property-technical-writer-analyst-at-riverview-estate-4299321141?position=5&pageNum=35&refId=uHk%2F2VjCXpJVrIGrYFRVZA%3D%3D&trackingId=X4m8LCe0BHhaRbgtBcUndg%3D%3D
195,Junior Project Planner | Discover an Alternative Career TBH,TBH,"Melbourne, Victoria, Australia",https://au.linkedin.com/jobs/view/junior-project-planner-discover-an-alternative-career-tbh-at-tbh-4298809634?position=6&pageNum=35&refId=uHk%2F2VjCXpJVrIGrYFRVZA%3D%3D&trackingId=ZdPrazoUuFVqVBBJrzT0fw%3D%3D
196,Research Analyst (Economics & Property),Urbis,"Melbourne, Victoria, Australia",https://au.linkedin.com/jobs/view/research-analyst-economics-property-at-urbis-4310105745?position=7&pageNum=35&refId=uHk%2F2VjCXpJVrIGrYFRVZA%3D%3D&trackingId=dMHEJ4A82QnLXCklz1%2BehQ%3D%3D
197,Analyst Engineer,SS&C Technologies,"Melbourne, Victoria, Australia",https://au.linkedin.com/jobs/view/analyst-engineer-at-ss-c-technologies-4301247802?position=8&pageNum=35&refId=uHk%2F2VjCXpJVrIGrYFRVZA%3D%3D&trackingId=7wkrknlb%2BC4RQMMMddu9RA%3D%3D
198,Risk Control Analyst,Auto & General Australia,"Brisbane, Queensland, Australia",https://au.linkedin.com/jobs/view/risk-control-analyst-at-auto-general-australia-4302263471?position=9&pageNum=35&refId=uHk%2F2VjCXpJVrIGrYFRVZA%3D%3D&trackingId=fCjmUq%2FQR2jhoXcbwd4WWQ%3D%3D
199,Associate Account Manager,Illawarra Mercury,"Coniston, New South Wales, Australia",https://au.linkedin.com/jobs/view/associate-account-manager-at-illawarra-mercury-4310109059?position=10&pageNum=35&refId=uHk%2F2VjCXpJVrIGrYFRVZA%3D%3D&trackingId=ZkvWFW2gwvZm8pxQK0tY%2FA%3D%3D
200,Application Support Analyst,Akkodis,"Brisbane, Queensland, Australia",https://au.linkedin.com/jobs/view/application-support-analyst-at-akkodis-4304360622?position=1&pageNum=37&refId=a6z4T6eOy41e6565JyswsA%3D%3D&trackingId=51ZXO9R7C7VnhMnq0SuV5w%3D%3D
201,Support Analyst L2,Infios,"Melbourne, Victoria, Australia",https://au.linkedin.com/jobs/view/support-analyst-l2-at-infios-4291939566?position=2&pageNum=37&refId=a6z4T6eOy41e6565JyswsA%3D%3D&trackingId=Lq4jYBJhnO%2BHe%2B7VAWXWHg%3D%3D
202,L1 Help Desk Analyst,Elysium Digital,"Cairns, Queensland, Australia",https://au.linkedin.com/jobs/view/l1-help-desk-analyst-at-elysium-digital-4307155997?position=3&pageNum=37&refId=a6z4T6eOy41e6565JyswsA%3D%3D&trackingId=gS66o4Vh5PsR7anPKt5pXg%3D%3D
203,Account Analyst GWM,PIMCO,"Sydney, New South Wales, Australia",https://au.linkedin.com/jobs/view/account-analyst-gwm-at-pimco-4305417350?position=4&pageNum=37&refId=a6z4T6eOy41e6565JyswsA%3D%3D&trackingId=SEOmTr0WVz68DuVmHddoEw%3D%3D
204,Junior Project Manager,TMGM,"Sydney, New South Wales, Australia",https://au.linkedin.com/jobs/view/junior-project-manager-at-tmgm-4297086186?position=5&pageNum=37&refId=a6z4T6eOy41e6565JyswsA%3D%3D&trackingId=g1tRr266DDHHGcNhTG249g%3D%3D
205,Associate – Ops,WNS,"Melbourne, Victoria, Australia",https://au.linkedin.com/jobs/view/associate-%E2%80%93-ops-at-wns-3607806817?position=6&pageNum=37&refId=a6z4T6eOy41e6565JyswsA%3D%3D&trackingId=5G5KuuYPACnFlgLtTgI1GA%3D%3D
206,Site Research Data Analyst,Icon Group,"Brisbane, Queensland, Australia",https://au.linkedin.com/jobs/view/site-research-data-analyst-at-icon-group-4308156533?position=7&pageNum=37&refId=a6z4T6eOy41e6565JyswsA%3D%3D&trackingId=b%2FXqffJNa4fosevt%2BbBFDw%3D%3D
207,Test Analyst,Harvey Norman,"Homebush, New South Wales, Australia",https://au.linkedin.com/jobs/view/test-analyst-at-harvey-norman-4295879535?position=8&pageNum=37&refId=a6z4T6eOy41e6565JyswsA%3D%3D&trackingId=1ngN4%2BFrSq72HGRSYtT5hA%3D%3D
208,Systems Analyst,Infios,"Melbourne, Victoria, Australia",https://au.linkedin.com/jobs/view/systems-analyst-at-infios-4304055062?position=9&pageNum=37&refId=a6z4T6eOy41e6565JyswsA%3D%3D&trackingId=dyhGueIGYtjSr6Uj4zOiWw%3D%3D
209,Risk and QA Analyst,Tesco Insurance and Money Services,"Newcastle, New South Wales, Australia",https://au.linkedin.com/jobs/view/risk-and-qa-analyst-at-tesco-insurance-and-money-services-4304871683?position=10&pageNum=37&refId=a6z4T6eOy41e6565JyswsA%3D%3D&trackingId=3B4xwTUVS4D%2FSG%2BjKVOfRQ%3D%3D
210,HRIS Systems Analyst,Jemena,"Melbourne, Victoria, Australia",https://au.linkedin.com/jobs/view/hris-systems-analyst-at-jemena-4301884713?position=1&pageNum=40&refId=pNUIX1lEgPzbsJ2w%2BV3uhQ%3D%3D&trackingId=4WAaTJuVV3aUAs5hLFThJA%3D%3D
211,Falcon Complete Analyst Graduate,CrowdStrike,"Sydney, New South Wales, Australia",https://au.linkedin.com/jobs/view/falcon-complete-analyst-graduate-at-crowdstrike-4302626595?position=2&pageNum=40&refId=pNUIX1lEgPzbsJ2w%2BV3uhQ%3D%3D&trackingId=%2BP3y%2Fobr%2F3bfEpGb%2Fg%2BWNg%3D%3D
212,Dealing Associate,Computershare Australia,"Melbourne, Victoria, Australia",https://au.linkedin.com/jobs/view/dealing-associate-at-computershare-australia-4301112901?position=3&pageNum=40&refId=pNUIX1lEgPzbsJ2w%2BV3uhQ%3D%3D&trackingId=dQ5tVV8MbX%2BN0LXfQL10jA%3D%3D
213,Business Development Associate,BoardOutlook,"Melbourne, Victoria, Australia",https://au.linkedin.com/jobs/view/business-development-associate-at-boardoutlook-4301617250?position=4&pageNum=40&refId=pNUIX1lEgPzbsJ2w%2BV3uhQ%3D%3D&trackingId=Yp7UL7l9rc74XtKjHprS%2FQ%3D%3D
214,Business Systems Analyst - TechnologyOne,Talent,"Brisbane, Queensland, Australia",https://au.linkedin.com/jobs/view/business-systems-analyst-technologyone-at-talent-4305872279?position=5&pageNum=40&refId=pNUIX1lEgPzbsJ2w%2BV3uhQ%3D%3D&trackingId=sH6bznOMQKpS%2F0zL6PNbYA%3D%3D
215,Analyst | Treasury Reporting and Transformation,Macquarie Group,"Sydney, New South Wales, Australia",https://au.linkedin.com/jobs/view/analyst-treasury-reporting-and-transformation-at-macquarie-group-4253987947?position=6&pageNum=40&refId=pNUIX1lEgPzbsJ2w%2BV3uhQ%3D%3D&trackingId=DHqUrzgZ3RzzC4Vk8Zbc5w%3D%3D
216,Lead Financial Analyst,Mercor,Australia,https://au.linkedin.com/jobs/view/lead-financial-analyst-at-mercor-4310549675?position=7&pageNum=40&refId=pNUIX1lEgPzbsJ2w%2BV3uhQ%3D%3D&trackingId=AgpPpqFY7V7mJ7gTbBt0nw%3D%3D
217,Analyst - Private Tax and Advisory - Sydney,Deloitte,"Sydney, New South Wales, Australia",https://au.linkedin.com/jobs/view/analyst-private-tax-and-advisory-sydney-at-deloitte-4306440724?position=8&pageNum=40&refId=pNUIX1lEgPzbsJ2w%2BV3uhQ%3D%3D&trackingId=Ci2pnL%2F4LemVZrYlkHqNgA%3D%3D
218,Media Search Analyst - Australia,TELUS Digital,Australia,https://au.linkedin.com/jobs/view/media-search-analyst-australia-at-telus-digital-4227264947?position=9&pageNum=40&refId=pNUIX1lEgPzbsJ2w%2BV3uhQ%3D%3D&trackingId=2jiRA4lIQAXLg96FP%2BHOFQ%3D%3D
219,Finance Analyst - Packaging & Operations,Endeavour Group,"Towitta, South Australia, Australia",https://au.linkedin.com/jobs/view/finance-analyst-packaging-operations-at-endeavour-group-4309332367?position=10&pageNum=40&refId=pNUIX1lEgPzbsJ2w%2BV3uhQ%3D%3D&trackingId=PyHk7C5Rs9vYQnIgtJ7eCA%3D%3D
220,Analyst - Private Tax & Advisory - Perth,Deloitte,"Perth, Western Australia, Australia",https://au.linkedin.com/jobs/view/analyst-private-tax-advisory-perth-at-deloitte-4306454159?position=1&pageNum=42&refId=kCS28yISK%2BXyLESs%2FlmKIQ%3D%3D&trackingId=TXMGxWZfJNuVUPRfhzpxSA%3D%3D
221,Falcon Complete Analyst Graduate,CrowdStrike,"Melbourne, Victoria, Australia",https://au.linkedin.com/jobs/view/falcon-complete-analyst-graduate-at-crowdstrike-4302627576?position=2&pageNum=42&refId=kCS28yISK%2BXyLESs%2FlmKIQ%3D%3D&trackingId=lzSpulBj5zM0%2BR1UDMm65g%3D%3D
222,Analyst - Private Tax and Advisory - Melbourne,Deloitte,"Melbourne, Victoria, Australia",https://au.linkedin.com/jobs/view/analyst-private-tax-and-advisory-melbourne-at-deloitte-4306453185?position=3&pageNum=42&refId=kCS28yISK%2BXyLESs%2FlmKIQ%3D%3D&trackingId=NzBCuqNOhpFzjuzleFWWRA%3D%3D
223,Consultant – Transfer Pricing,KPMG Australia,"Sydney, New South Wales, Australia",https://au.linkedin.com/jobs/view/consultant-%E2%80%93-transfer-pricing-at-kpmg-australia-4305917039?position=4&pageNum=42&refId=kCS28yISK%2BXyLESs%2FlmKIQ%3D%3D&trackingId=KMu5j0RgacNnayPU%2B76zQA%3D%3D
224,"Technology Analyst/Graduate (Testers, Developers, Designers) – Early Careers",Accenture Australia,"Melbourne, Victoria, Australia",https://au.linkedin.com/jobs/view/technology-analyst-graduate-testers-developers-designers-%E2%80%93-early-careers-at-accenture-australia-4304040374?position=5&pageNum=42&refId=kCS28yISK%2BXyLESs%2FlmKIQ%3D%3D&trackingId=7twDCnHz35chNUZU%2FWNC%2BQ%3D%3D
225,Audit Support Analyst,Resolution Life,"Sydney, New South Wales, Australia",https://au.linkedin.com/jobs/view/audit-support-analyst-at-resolution-life-4306150849?position=6&pageNum=42&refId=kCS28yISK%2BXyLESs%2FlmKIQ%3D%3D&trackingId=P%2B6pb4CQ%2FbB3w4jQveqFpA%3D%3D
226,Finance Transformation Analyst,BDO in Australia,"Brisbane, Queensland, Australia",https://au.linkedin.com/jobs/view/finance-transformation-analyst-at-bdo-in-australia-4286251812?position=7&pageNum=42&refId=kCS28yISK%2BXyLESs%2FlmKIQ%3D%3D&trackingId=L6UweBre1uaPUURgrv8c3w%3D%3D
227,Sales Associate,Foot Locker,"Preston, Victoria, Australia",https://au.linkedin.com/jobs/view/sales-associate-at-foot-locker-4281796159?position=8&pageNum=42&refId=kCS28yISK%2BXyLESs%2FlmKIQ%3D%3D&trackingId=x04VI76y19yEPqx4hfjehg%3D%3D
228,Business Development Associate,Suresh Narlapati,Australia,https://au.linkedin.com/jobs/view/business-development-associate-at-suresh-narlapati-4306983762?position=9&pageNum=42&refId=kCS28yISK%2BXyLESs%2FlmKIQ%3D%3D&trackingId=2EzMkJA6IDinGI3x%2Br29jA%3D%3D
229,"2026 Graduate Brand Analyst, Amazon Vendor Services",Amazon,"Sydney, New South Wales, Australia",https://au.linkedin.com/jobs/view/2026-graduate-brand-analyst-amazon-vendor-services-at-amazon-4192895003?position=10&pageNum=42&refId=kCS28yISK%2BXyLESs%2FlmKIQ%3D%3D&trackingId=DxncV5R%2BVUUI2gR36vMsog%3D%3D
230,Desktop Support Analyst - 6 Month FTC,Iress,"Melbourne, Victoria, Australia",https://au.linkedin.com/jobs/view/desktop-support-analyst-6-month-ftc-at-iress-4265992851?position=1&pageNum=45&refId=2LWSU1dAqUljNT6avHTZ0A%3D%3D&trackingId=GkhPy53jPDJ9fi71R1iBYg%3D%3D
231,Private Equity Associate | Upto $150/hr Remote,Mercor,Australia,https://au.linkedin.com/jobs/view/private-equity-associate-upto-%24150-hr-remote-at-mercor-4300547991?position=2&pageNum=45&refId=2LWSU1dAqUljNT6avHTZ0A%3D%3D&trackingId=Zv8umJdflFOcARmi%2FGZ4qA%3D%3D
232,Strategy and Commercial Operation Associate,KPay Group,"Sydney, New South Wales, Australia",https://au.linkedin.com/jobs/view/strategy-and-commercial-operation-associate-at-kpay-group-4305517814?position=3&pageNum=45&refId=2LWSU1dAqUljNT6avHTZ0A%3D%3D&trackingId=md0UEs305JNEi4HNGwiQ6w%3D%3D
233,Associate Account Manager,Illawarra Mercury,"Coniston, New South Wales, Australia",https://au.linkedin.com/jobs/view/associate-account-manager-at-illawarra-mercury-4310542620?position=4&pageNum=45&refId=2LWSU1dAqUljNT6avHTZ0A%3D%3D&trackingId=MXQcQjOCPVgprMtj%2FScHww%3D%3D
234,"Analyst, Credit Management",MUFG,"Melbourne, Victoria, Australia",https://au.linkedin.com/jobs/view/analyst-credit-management-at-mufg-4301131488?position=5&pageNum=45&refId=2LWSU1dAqUljNT6avHTZ0A%3D%3D&trackingId=88E%2F45l0EXiNULezhcsJeA%3D%3D
235,Security Compliance Analyst,Uniting Vic.Tas,"Melbourne, Victoria, Australia",https://au.linkedin.com/jobs/view/security-compliance-analyst-at-uniting-vic-tas-4302891950?position=6&pageNum=45&refId=2LWSU1dAqUljNT6avHTZ0A%3D%3D&trackingId=bgMZWj6%2FbnEUA%2FRNi%2FrFJA%3D%3D
236,Level 2 Application Support Analyst,RLDatix,"Melbourne, Victoria, Australia",https://au.linkedin.com/jobs/view/level-2-application-support-analyst-at-rldatix-4302959423?position=7&pageNum=45&refId=2LWSU1dAqUljNT6avHTZ0A%3D%3D&trackingId=rTy1L8nlVG59F5UsgO3Zqg%3D%3D
237,Global Conflicts Analyst,Dentons,Australia,https://au.linkedin.com/jobs/view/global-conflicts-analyst-at-dentons-4304128299?position=8&pageNum=45&refId=2LWSU1dAqUljNT6avHTZ0A%3D%3D&trackingId=bDqcF3SoUtW1s0BNkGYGYw%3D%3D
238,System Analyst - Application Support,SG Fleet AU,"Sydney, New South Wales, Australia",https://au.linkedin.com/jobs/view/system-analyst-application-support-at-sg-fleet-au-4297297305?position=9&pageNum=45&refId=2LWSU1dAqUljNT6avHTZ0A%3D%3D&trackingId=LSHlUnxVNUKBo%2Fne4PojUg%3D%3D
239,Sales Associate,Foot Locker,"Rouse Hill, New South Wales, Australia",https://au.linkedin.com/jobs/view/sales-associate-at-foot-locker-4282200145?position=10&pageNum=45&refId=2LWSU1dAqUljNT6avHTZ0A%3D%3D&trackingId=3eitKItGFtoBqpe%2BOr9dMg%3D%3D
